Protocollo;Gruppo;DataOraIncidente;Localizzazione1;STRADA1;Localizzazione2;STRADA2;Strada02;Chilometrica;DaSpecificare;NaturaIncidente;particolaritastrade;TipoStrada;FondoStradale;Pavimentazione;Segnaletica;CondizioneAtmosferica;Traffico;Visibilita;Illuminazione;NUM_FERITI;NUM_RISERVATA;NUM_MORTI;NUM_ILLESI;Longitudine;Latitudine;Confermato;Progressivo;TipoVeicolo;StatoVeicolo;TipoPersona;Sesso;Tipolesione;Deceduto;DecedutoDopo;CinturaCascoUtilizzato;Airbag;
5221932;6;04/01/2021 13:10:00;Strada Urbana;VIA DEGLI ANGELI;da specificare;;;;altezza via degli Oppii;Veicolo in marcia contro ostacolo accidentale;Curva senza visuale libera;Una carreggiata a doppio senso;Asciutto;Asfaltata;Orizzontale;Nuvoloso;Scarso;Buona;;0;0;0;2;12.5425;41.8732;-1;1;Autovettura privata;In marcia / fermata / arresto;Passeggero;F;Illeso;0;;Non accertato;
5221941;2;01/01/2021 13:50:00;Strada Urbana;SOTTOVIA IGNAZIO GUIDI;da specificare;;;;alt. Via Toscana dir. nomentana;Veicolo in marcia contro ostacolo fisso;Rettilineo;Due carreggiate;Bagnato (umidit� in atto);Asfaltata;Orizzontale;Nuvoloso;Scarso;Buona;;0;0;0;1;12.5014;41.9096;-1;1;Autovettura privata;In marcia / fermata / arresto;Conducente;F;Illeso;0;;Non accertato;Esploso
5222067;2;02/01/2021 20:40:00;Strada Urbana;VIALE REGINA MARGHERITA;in prossimit�;;del civico n.;176;;Veicolo in marcia contro ostacolo fisso;Rettilineo;Una carreggiata a doppio senso;Bagnato (pioggia);Asfaltata;Verticale ed orizzontale;Pioggia in atto;Scarso;Sufficiente;;1;0;0;0;12.5039;41.915;-1;1;Motociclo a solo;In marcia / fermata / arresto;Conducente;M;Rimandato;0;NON DECEDUTO;Non accertato;
5222067;2;02/01/2021 20:40:00;Strada Urbana;VIALE REGINA MARGHERITA;in prossimit�;;del civico n.;176;;Veicolo in marcia contro ostacolo fisso;Rettilineo;Una carreggiata a doppio senso;Bagnato (pioggia);Asfaltata;Verticale ed orizzontale;Pioggia in atto;Scarso;Sufficiente;;1;0;0;0;12.5039;41.915;-1;2;Autovettura privata;Sosta;;;;;;;
5222075;2;02/01/2021 16:20:00;Strada Urbana;VIALE DEL MURO TORTO;da specificare;;;;pross. Palo Acea luce n. 13;Veicolo in marcia contro ostacolo fisso;Rettilineo;Due carreggiate;Bagnato (pioggia);Asfaltata;Verticale ed orizzontale;Pioggia in atto;Scarso;Sufficiente;;0;0;0;2;12.4792;41.9126;-1;1;Autovettura privata;In marcia / fermata / arresto;Conducente;F;Illeso;0;;Non accertato;Inesploso
5222075;2;02/01/2021 16:20:00;Strada Urbana;VIALE DEL MURO TORTO;da specificare;;;;pross. Palo Acea luce n. 13;Veicolo in marcia contro ostacolo fisso;Rettilineo;Due carreggiate;Bagnato (pioggia);Asfaltata;Verticale ed orizzontale;Pioggia in atto;Scarso;Sufficiente;;0;0;0;2;12.4792;41.9126;-1;1;Autovettura privata;In marcia / fermata / arresto;Passeggero;F;Illeso;0;;Non accertato;Inesploso
5222086;2;02/01/2021 12:35:00;Strada Urbana;PIAZZA VESCOVIO;da specificare;;;;FRONTE CIVICO 6;Veicolo in marcia contro ostacolo accidentale;Rotatoria;Una carreggiata a senso unico di marcia;Bagnato (pioggia);Asfaltata;Verticale ed orizzontale;Pioggia in atto;Scarso;Buona;;0;0;0;2;12.5122;41.9333;-1;1;Autocarro inferiore 35 q.;In marcia / fermata / arresto;Conducente;M;Illeso;0;;Non accertato;Inesploso
5222086;2;02/01/2021 12:35:00;Strada Urbana;PIAZZA VESCOVIO;da specificare;;;;FRONTE CIVICO 6;Veicolo in marcia contro ostacolo accidentale;Rotatoria;Una carreggiata a senso unico di marcia;Bagnato (pioggia);Asfaltata;Verticale ed orizzontale;Pioggia in atto;Scarso;Buona;;0;0;0;2;12.5122;41.9333;-1;1;Autocarro inferiore 35 q.;In marcia / fermata / arresto;Passeggero;M;Illeso;0;;Non accertato;
5222124;17;02/01/2021 15:40:00;Strada Urbana;VIA DELLA CAMILLUCCIA;in corrispondenza;;del civico n.;135;;Veicolo in marcia che urta buche nella carreggiata;Rettilineo;Una carreggiata a senso unico di marcia;Bagnato (pioggia);Asfaltata;Verticale ed orizzontale;Pioggia in atto;Scarso;Buona;;0;0;0;3;12.4447;41.9315;-1;1;Autovettura privata;In marcia / fermata / arresto;Conducente;M;Illeso;0;;;
5222124;17;02/01/2021 15:40:00;Strada Urbana;VIA DELLA CAMILLUCCIA;in corrispondenza;;del civico n.;135;;Veicolo in marcia che urta buche nella carreggiata;Rettilineo;Una carreggiata a senso unico di marcia;Bagnato (pioggia);Asfaltata;Verticale ed orizzontale;Pioggia in atto;Scarso;Buona;;0;0;0;3;12.4447;41.9315;-1;1;Autovettura privata;In marcia / fermata / arresto;Passeggero;F;Illeso;0;;;
5222124;17;02/01/2021 15:40:00;Strada Urbana;VIA DELLA CAMILLUCCIA;in corrispondenza;;del civico n.;135;;Veicolo in marcia che urta buche nella carreggiata;Rettilineo;Una carreggiata a senso unico di marcia;Bagnato (pioggia);Asfaltata;Verticale ed orizzontale;Pioggia in atto;Scarso;Buona;;0;0;0;3;12.4447;41.9315;-1;1;Autovettura privata;In marcia / fermata / arresto;Passeggero;F;Illeso;0;;;
5222176;10;04/01/2021 07:00:00;Strada Urbana;VIA DELLE CAPANNELLE;da specificare;;;;mt. 50 prima del civ 201 direzione Via Appia Nuova;Veicolo in marcia contro ostacolo accidentale;Rettilineo;Una carreggiata a doppio senso;Bagnato (pioggia);Asfaltata;Orizzontale;Nuvoloso;Normale;Sufficiente;;0;0;0;1;12.5749;41.8418;-1;1;Autovettura privata;In marcia / fermata / arresto;Conducente;M;Illeso;0;;;
5222180;10;04/01/2021 07:05:00;Strada Urbana;VIA DELLE CAPANNELLE;da specificare;;;;mt. 5o prima del civ 201 direzione Via Appia Nuova;Veicolo in marcia contro ostacolo accidentale;Rettilineo;Una carreggiata a doppio senso;Bagnato (pioggia);Asfaltata;Orizzontale;Nuvoloso;Normale;Sufficiente;;0;0;0;1;12.5749;41.8419;-1;1;Autovettura privata;In marcia / fermata / arresto;Conducente;M;Illeso;0;;Non accertato;
5222181;2;04/01/2021 16:50:00;Strada Urbana;VIALE DEL MURO TORTO;da specificare;;;;dir. P.le Flaminio prox Palo Luce n� 13;Veicolo in marcia contro ostacolo fisso;Curva a visuale libera;Due carreggiate;Bagnato (pioggia);Asfaltata;Orizzontale;Nuvoloso;Normale;Buona;;0;0;0;1;12.4817;41.9107;-1;1;Autovettura privata;In marcia / fermata / arresto;Conducente;M;Illeso;0;;Non accertato;Inesploso
5222183;10;04/01/2021 07:06:00;Strada Urbana;VIA DELLE CAPANNELLE;da specificare;;;;mt 50 prima del civ. 201 direzione Via A. Nuova;Veicolo in marcia contro ostacolo accidentale;Rettilineo;Una carreggiata a doppio senso;Bagnato (pioggia);Asfaltata;Orizzontale;Nuvoloso;Normale;Sufficiente;;0;0;0;1;12.5749;41.842;-1;1;Autovettura privata;In marcia / fermata / arresto;Conducente;M;Illeso;0;;;
5222188;17;02/01/2021 15:45:00;Strada Urbana;VIA DELLA CAMILLUCCIA;in corrispondenza;;del civico n.;135;;Veicolo in marcia che urta buche nella carreggiata;Curva senza visuale libera;Una carreggiata a senso unico di marcia;Bagnato (pioggia);Asfaltata;Verticale ed orizzontale;Pioggia in atto;Scarso;Buona;;0;0;0;1;12.4447;41.9315;-1;1;Autovettura privata;In marcia / fermata / arresto;Conducente;M;Illeso;0;;;
5222189;10;04/01/2021 07:45:00;Strada Urbana;VIA APPIA NUOVA;da specificare;;;;alt palo luce ACEA 424/423;Scontro laterale fra veicoli in marcia;Rettilineo;Due carreggiate;Bagnato (pioggia);Asfaltata;Verticale ed orizzontale;Sereno;Normale;Buona;;0;0;0;2;12.5625;41.8242;-1;1;Autovettura privata;In marcia / fermata / arresto;Conducente;F;Illeso;0;;;
5222189;10;04/01/2021 07:45:00;Strada Urbana;VIA APPIA NUOVA;da specificare;;;;alt palo luce ACEA 424/423;Scontro laterale fra veicoli in marcia;Rettilineo;Due carreggiate;Bagnato (pioggia);Asfaltata;Verticale ed orizzontale;Sereno;Normale;Buona;;0;0;0;2;12.5625;41.8242;-1;2;Autocarro inferiore 35 q.;In marcia / fermata / arresto;Conducente;M;Illeso;0;;;
5222203;10;04/01/2021 11:50:00;Strada Urbana;VIA TUSCOLANA;all'intersezione con;VIA LUCIO SESTIO;VIA LUCIO SESTIO;;;Tamponamento Multiplo;Intersezione semaforizzata;Due carreggiate;Asciutto;Asfaltata;Verticale ed orizzontale;Sereno;Normale;Buona;;0;0;0;4;12.5572;41.8598;-1;1;Autovettura privata;In marcia / fermata / arresto;Conducente;M;Illeso;0;;Non accertato;Inesploso
5222203;10;04/01/2021 11:50:00;Strada Urbana;VIA TUSCOLANA;all'intersezione con;VIA LUCIO SESTIO;VIA LUCIO SESTIO;;;Tamponamento Multiplo;Intersezione semaforizzata;Due carreggiate;Asciutto;Asfaltata;Verticale ed orizzontale;Sereno;Normale;Buona;;0;0;0;4;12.5572;41.8598;-1;1;Autovettura privata;In marcia / fermata / arresto;Passeggero;F;Illeso;0;;Non accertato;
5222203;10;04/01/2021 11:50:00;Strada Urbana;VIA TUSCOLANA;all'intersezione con;VIA LUCIO SESTIO;VIA LUCIO SESTIO;;;Tamponamento Multiplo;Intersezione semaforizzata;Due carreggiate;Asciutto;Asfaltata;Verticale ed orizzontale;Sereno;Normale;Buona;;0;0;0;4;12.5572;41.8598;-1;2;Autovettura privata;In marcia / fermata / arresto;Conducente;M;Illeso;0;;Non accertato;Inesploso
5222203;10;04/01/2021 11:50:00;Strada Urbana;VIA TUSCOLANA;all'intersezione con;VIA LUCIO SESTIO;VIA LUCIO SESTIO;;;Tamponamento Multiplo;Intersezione semaforizzata;Due carreggiate;Asciutto;Asfaltata;Verticale ed orizzontale;Sereno;Normale;Buona;;0;0;0;4;12.5572;41.8598;-1;3;Autovettura privata;In marcia / fermata / arresto;Conducente;F;Illeso;0;;;
5222204;16;04/01/2021 08:15:00;Strada Urbana;VIA AURELIA ANTICA;in prossimit�;;del palo luce n.;115;;Infortunio per sola frenata improvvisa;Rettilineo;Una carreggiata a doppio senso;Bagnato (pioggia);Asfaltata;Orizzontale;Nuvoloso;Normale;Buona;;1;0;0;0;12.435;41.8902;-1;1;Ciclomotore;In marcia / fermata / arresto;Conducente;M;Rimandato;0;NON DECEDUTO;Non accertato;
5222207;16;04/01/2021 10:15:00;Strada Urbana;VIA DELLA CONSOLATA;all'intersezione con;VIA DI BRAVETTA;VIA DI BRAVETTA;;;Tamponamento;Incrocio;Due carreggiate;Asciutto;Asfaltata;Verticale ed orizzontale;Sereno;Normale;Buona;;1;0;0;4;12.4217;41.8767;-1;1;Autovettura privata;In marcia / fermata / arresto;Conducente;M;Illeso;0;;Non accertato;Inesploso
5222207;16;04/01/2021 10:15:00;Strada Urbana;VIA DELLA CONSOLATA;all'intersezione con;VIA DI BRAVETTA;VIA DI BRAVETTA;;;Tamponamento;Incrocio;Due carreggiate;Asciutto;Asfaltata;Verticale ed orizzontale;Sereno;Normale;Buona;;1;0;0;4;12.4217;41.8767;-1;1;Autovettura privata;In marcia / fermata / arresto;Passeggero;F;Illeso;0;;Non accertato;Inesploso
5222207;16;04/01/2021 10:15:00;Strada Urbana;VIA DELLA CONSOLATA;all'intersezione con;VIA DI BRAVETTA;VIA DI BRAVETTA;;;Tamponamento;Incrocio;Due carreggiate;Asciutto;Asfaltata;Verticale ed orizzontale;Sereno;Normale;Buona;;1;0;0;4;12.4217;41.8767;-1;1;Autovettura privata;In marcia / fermata / arresto;Passeggero;M;Illeso;0;;Non accertato;Inesploso
5222207;16;04/01/2021 10:15:00;Strada Urbana;VIA DELLA CONSOLATA;all'intersezione con;VIA DI BRAVETTA;VIA DI BRAVETTA;;;Tamponamento;Incrocio;Due carreggiate;Asciutto;Asfaltata;Verticale ed orizzontale;Sereno;Normale;Buona;;1;0;0;4;12.4217;41.8767;-1;2;Autovettura privata;In marcia / fermata / arresto;Conducente;F;Illeso;0;;Non accertato;Inesploso
5222207;16;04/01/2021 10:15:00;Strada Urbana;VIA DELLA CONSOLATA;all'intersezione con;VIA DI BRAVETTA;VIA DI BRAVETTA;;;Tamponamento;Incrocio;Due carreggiate;Asciutto;Asfaltata;Verticale ed orizzontale;Sereno;Normale;Buona;;1;0;0;4;12.4217;41.8767;-1;2;Autovettura privata;In marcia / fermata / arresto;Passeggero;F;Rimandato;0;NON DECEDUTO;Non accertato;Inesploso
5222211;10;04/01/2021 17:20:00;Strada Urbana;VIA APPIA PIGNATELLI;all'intersezione con;VIA ERODE ATTICO;VIA ERODE ATTICO;;;Investimento di pedone;Intersezione semaforizzata;Una carreggiata a doppio senso;Asciutto;Asfaltata;Verticale ed orizzontale;Nuvoloso;Normale;Buona;;1;0;0;1;12.5357;41.8462;-1;;;;Pedone;F;Rimandato;0;NON DECEDUTO;;
5222211;10;04/01/2021 17:20:00;Strada Urbana;VIA APPIA PIGNATELLI;all'intersezione con;VIA ERODE ATTICO;VIA ERODE ATTICO;;;Investimento di pedone;Intersezione semaforizzata;Una carreggiata a doppio senso;Asciutto;Asfaltata;Verticale ed orizzontale;Nuvoloso;Normale;Buona;;1;0;0;1;12.5357;41.8462;-1;1;Autovettura privata;In marcia / fermata / arresto;Conducente;F;Illeso;0;;;Inesploso
5222212;16;04/01/2021 10:15:00;Strada Urbana;VIALE ISACCO NEWTON;in prossimit�;;del civico n.;86;;Scontro laterale fra veicoli in marcia;Rettilineo;Due carreggiate;Asciutto;Asfaltata;Verticale;Nuvoloso;Normale;Buona;;0;0;0;2;12.4409;41.858;-1;1;Autovettura privata;In marcia / fermata / arresto;Conducente;F;Illeso;0;;Non accertato;Inesploso
5222212;16;04/01/2021 10:15:00;Strada Urbana;VIALE ISACCO NEWTON;in prossimit�;;del civico n.;86;;Scontro laterale fra veicoli in marcia;Rettilineo;Due carreggiate;Asciutto;Asfaltata;Verticale;Nuvoloso;Normale;Buona;;0;0;0;2;12.4409;41.858;-1;2;Autovettura privata;In marcia / fermata / arresto;Conducente;M;Illeso;0;;Non accertato;Inesploso
5222220;16;04/01/2021 07:15:00;Strada Urbana;VIA GIACINTO CARINI;all'intersezione con;VIA GABRIELE ROSSETTI;VIA GABRIELE ROSSETTI;;;Scontro frontale/laterale DX fra veicoli in marcia;Incrocio;Due carreggiate;Bagnato (umidit� in atto);Asfaltata;Verticale ed orizzontale;Nuvoloso;Normale;Buona;;0;0;0;2;12.4609;41.8852;-1;1;Autovettura privata;In marcia / fermata / arresto;Conducente;F;Illeso;0;;Non accertato;Inesploso
5222220;16;04/01/2021 07:15:00;Strada Urbana;VIA GIACINTO CARINI;all'intersezione con;VIA GABRIELE ROSSETTI;VIA GABRIELE ROSSETTI;;;Scontro frontale/laterale DX fra veicoli in marcia;Incrocio;Due carreggiate;Bagnato (umidit� in atto);Asfaltata;Verticale ed orizzontale;Nuvoloso;Normale;Buona;;0;0;0;2;12.4609;41.8852;-1;2;Autovettura privata;In marcia / fermata / arresto;Conducente;M;Illeso;0;;Non accertato;Inesploso
5222290;12;04/01/2021 19:00:00;Statale;VIA PONTINA;in prossimit�;;della chilometrica;18.7;;Veicolo in marcia contro ostacolo fisso;Curva a visuale libera;Due carreggiate;Bagnato (pioggia);Asfaltata;Verticale ed orizzontale;Pioggia in atto;Normale;Insufficiente;;2;0;0;0;12.4352;41.7457;-1;1;Autovettura privata;In marcia / fermata / arresto;Conducente;F;Rimandato;0;NON DECEDUTO;Utilizzato;Inesploso
5222290;12;04/01/2021 19:00:00;Statale;VIA PONTINA;in prossimit�;;della chilometrica;18.7;;Veicolo in marcia contro ostacolo fisso;Curva a visuale libera;Due carreggiate;Bagnato (pioggia);Asfaltata;Verticale ed orizzontale;Pioggia in atto;Normale;Insufficiente;;2;0;0;0;12.4352;41.7457;-1;1;Autovettura privata;In marcia / fermata / arresto;Passeggero;F;Rimandato;0;NON DECEDUTO;Utilizzato;Inesploso
5222332;15;04/01/2021 09:10:00;Strada Urbana;VIADOTTO DELLA MAGLIANA;da specificare;;;;dir.svincolo Magliana fronte Via del Cappellaccio;Ribaltamento senza urto contro ostacolo fisso;Rettilineo;Due carreggiate;Bagnato (umidit� in atto);Asfaltata;Orizzontale;Nuvoloso;Normale;Buona;;0;0;0;1;12.4632;41.8418;-1;1;Autovettura privata;In marcia / fermata / arresto;Conducente;M;Illeso;0;;Non accertato;Esploso
5222333;15;04/01/2021 11:15:00;Strada Urbana;VIALE ISACCO NEWTON;da specificare;;;;altezza rampa immissione via dell'Imbrecciato;Veicolo in marcia contro ostacolo fisso;Rettilineo;Una carreggiata a senso unico di marcia;Asciutto;Asfaltata;Verticale ed orizzontale;Sereno;Scarso;Buona;;0;0;0;1;12.4427;41.8481;-1;1;Autovettura privata;In marcia / fermata / arresto;Conducente;M;Illeso;0;;Non accertato;Esploso
5222337;15;04/01/2021 14:00:00;Strada Urbana;VIA QUIRINO MAJORANA;in corrispondenza;;del civico n.;29;;Infortunio per sola frenata improvvisa;Cavalcavia;Una carreggiata a doppio senso;Asciutto;Asfaltata;Verticale ed orizzontale;Sereno;Normale;Buona;;0;0;0;1;12.4645;41.8657;-1;1;Motociclo a solo;In marcia / fermata / arresto;Conducente;M;Illeso;0;;Non accertato;
5222341;15;04/01/2021 16:00:00;Strada Urbana;VIA DELLA PISANA;in corrispondenza;;del civico n.;413;;Veicolo in marcia contro ostacolo accidentale;Rettilineo;Una carreggiata a doppio senso;Bagnato (pioggia);Con buche;Assente;Pioggia in atto;Normale;Buona;;0;0;0;2;12.4081;41.8644;-1;1;Autovettura privata;In marcia / fermata / arresto;Conducente;M;Illeso;0;;;
5222341;15;04/01/2021 16:00:00;Strada Urbana;VIA DELLA PISANA;in corrispondenza;;del civico n.;413;;Veicolo in marcia contro ostacolo accidentale;Rettilineo;Una carreggiata a doppio senso;Bagnato (pioggia);Con buche;Assente;Pioggia in atto;Normale;Buona;;0;0;0;2;12.4081;41.8644;-1;1;Autovettura privata;In marcia / fermata / arresto;Passeggero;F;Illeso;0;;;
5222342;15;04/01/2021 17:10:00;Strada Urbana;VIA DELLA PISANA;in prossimit�;;del palo luce n.;233;;Veicolo in marcia contro ostacolo accidentale;Rettilineo;Una carreggiata a doppio senso;Bagnato (pioggia);Asfaltata;Orizzontale;Pioggia in atto;Normale;Sufficiente;;0;0;0;2;12.389;41.8577;-1;1;Autovettura privata;In marcia / fermata / arresto;Conducente;F;Illeso;0;;Non accertato;Inesploso
5222342;15;04/01/2021 17:10:00;Strada Urbana;VIA DELLA PISANA;in prossimit�;;del palo luce n.;233;;Veicolo in marcia contro ostacolo accidentale;Rettilineo;Una carreggiata a doppio senso;Bagnato (pioggia);Asfaltata;Orizzontale;Pioggia in atto;Normale;Sufficiente;;0;0;0;2;12.389;41.8577;-1;1;Autovettura privata;In marcia / fermata / arresto;Passeggero;M;Illeso;0;;Non accertato;Inesploso
5222343;15;04/01/2021 18:10:00;Strada Urbana;VIA PORTUENSE;da specificare;;;;dir. Ponte Galeria circa 200 mt dopo Ponte Pisano;Veicolo in marcia contro ostacolo accidentale;Curva a visuale libera;Una carreggiata a doppio senso;Bagnato (pioggia);Asfaltata;Assente;Pioggia in atto;Normale;Sufficiente;;0;0;0;3;12.414;41.8469;-1;1;Autovettura privata;In marcia / fermata / arresto;Conducente;F;Illeso;0;;Non accertato;Inesploso
5222343;15;04/01/2021 18:10:00;Strada Urbana;VIA PORTUENSE;da specificare;;;;dir. Ponte Galeria circa 200 mt dopo Ponte Pisano;Veicolo in marcia contro ostacolo accidentale;Curva a visuale libera;Una carreggiata a doppio senso;Bagnato (pioggia);Asfaltata;Assente;Pioggia in atto;Normale;Sufficiente;;0;0;0;3;12.414;41.8469;-1;1;Autovettura privata;In marcia / fermata / arresto;Passeggero;M;Illeso;0;;;
5222343;15;04/01/2021 18:10:00;Strada Urbana;VIA PORTUENSE;da specificare;;;;dir. Ponte Galeria circa 200 mt dopo Ponte Pisano;Veicolo in marcia contro ostacolo accidentale;Curva a visuale libera;Una carreggiata a doppio senso;Bagnato (pioggia);Asfaltata;Assente;Pioggia in atto;Normale;Sufficiente;;0;0;0;3;12.414;41.8469;-1;1;Autovettura privata;In marcia / fermata / arresto;Passeggero;F;Illeso;0;;;
5222498;12;04/01/2021 10:40:00;Provinciale;VIA PONTINA;da specificare;;;;Km 18,800 direzione Roma;Veicolo in marcia contro ostacolo fisso;Curva a visuale libera;Due carreggiate;Asciutto;Asfaltata;Verticale ed orizzontale;Sereno;Normale;Buona;;1;0;0;0;12.4522;41.794;-1;1;Autovettura privata;In marcia / fermata / arresto;Conducente;F;Rimandato;0;NON DECEDUTO;Non accertato;Esploso
5222501;8;04/01/2021 08:25:00;Strada Urbana;VIA DI PRATOLUNGO CASILINO;da specificare;;;;fronte civico 63;Veicolo in marcia contro ostacolo accidentale;Rettilineo;Una carreggiata a doppio senso;Bagnato (pioggia);Strada pavimentata dissestata;Assente;Sereno;Normale;Buona;;0;0;0;1;12.6639;41.8871;-1;1;Autovettura privata;In marcia / fermata / arresto;Conducente;F;Illeso;0;;;
5222503;8;04/01/2021 19:30:00;Strada Urbana;VIA DELLA POIANA;in corrispondenza;;del civico n.;31;;Veicolo in marcia contro ostacolo accidentale;Rettilineo;Una carreggiata a senso unico di marcia;Bagnato (pioggia);Asfaltata;Assente;Pioggia in atto;Scarso;Buona;;0;0;0;1;12.5965;41.8705;-1;1;Autovettura privata;In marcia / fermata / arresto;Conducente;M;Illeso;0;;;
5222505;8;04/01/2021 08:45:00;Strada Urbana;VIA ANGELO MARABINI;all'intersezione con;VIA FRATELLI MAZZOCCHI;VIA FRATELLI MAZZOCCHI;;;Scontro frontale/laterale SX fra veicoli in marcia;Incrocio;Una carreggiata a senso unico di marcia;Bagnato (umidit� in atto);Asfaltata;Verticale;Nuvoloso;Normale;Buona;;1;0;0;1;12.6479;41.8655;-1;1;Autovettura privata;In marcia / fermata / arresto;Conducente;F;Illeso;0;;Non accertato;Inesploso
5222505;8;04/01/2021 08:45:00;Strada Urbana;VIA ANGELO MARABINI;all'intersezione con;VIA FRATELLI MAZZOCCHI;VIA FRATELLI MAZZOCCHI;;;Scontro frontale/laterale SX fra veicoli in marcia;Incrocio;Una carreggiata a senso unico di marcia;Bagnato (umidit� in atto);Asfaltata;Verticale;Nuvoloso;Normale;Buona;;1;0;0;1;12.6479;41.8655;-1;2;Autovettura privata;In marcia / fermata / arresto;Conducente;F;Rifiuta cure immediate;0;NON DECEDUTO;Non accertato;Inesploso
5222505;8;04/01/2021 08:45:00;Strada Urbana;VIA ANGELO MARABINI;all'intersezione con;VIA FRATELLI MAZZOCCHI;VIA FRATELLI MAZZOCCHI;;;Scontro frontale/laterale SX fra veicoli in marcia;Incrocio;Una carreggiata a senso unico di marcia;Bagnato (umidit� in atto);Asfaltata;Verticale;Nuvoloso;Normale;Buona;;1;0;0;1;12.6479;41.8655;-1;3;Autovettura privata;Sosta;;;;;;;
5222506;8;04/01/2021 19:30:00;Strada Urbana;VIALE DEI ROMANISTI;da specificare;;;;prossimit� via F. TACCONI;Veicolo in marcia contro ostacolo accidentale;Curva a visuale libera;Pi� di due carreggiate;Bagnato (pioggia);Con buche;Verticale ed orizzontale;Pioggia in atto;Normale;Buona;;0;0;0;1;12.5774;41.8675;-1;1;Autovettura privata;In marcia / fermata / arresto;Conducente;F;Illeso;0;;;
5222509;8;04/01/2021 10:00:00;Strada Urbana;VIA PRENESTINA;in corrispondenza;;del palo luce n.;490;;Tamponamento Multiplo;Rettilineo;Una carreggiata a doppio senso;Asciutto;Asfaltata;Verticale ed orizzontale;Nuvoloso;Normale;Buona;;0;0;0;6;12.6155;41.8933;-1;1;Autovettura privata;In marcia / fermata / arresto;Conducente;M;Illeso;0;;;
5222509;8;04/01/2021 10:00:00;Strada Urbana;VIA PRENESTINA;in corrispondenza;;del palo luce n.;490;;Tamponamento Multiplo;Rettilineo;Una carreggiata a doppio senso;Asciutto;Asfaltata;Verticale ed orizzontale;Nuvoloso;Normale;Buona;;0;0;0;6;12.6155;41.8933;-1;1;Autovettura privata;In marcia / fermata / arresto;Passeggero;F;Illeso;0;;;
5222509;8;04/01/2021 10:00:00;Strada Urbana;VIA PRENESTINA;in corrispondenza;;del palo luce n.;490;;Tamponamento Multiplo;Rettilineo;Una carreggiata a doppio senso;Asciutto;Asfaltata;Verticale ed orizzontale;Nuvoloso;Normale;Buona;;0;0;0;6;12.6155;41.8933;-1;2;Autovettura privata;In marcia / fermata / arresto;Conducente;M;Illeso;0;;;
5222509;8;04/01/2021 10:00:00;Strada Urbana;VIA PRENESTINA;in corrispondenza;;del palo luce n.;490;;Tamponamento Multiplo;Rettilineo;Una carreggiata a doppio senso;Asciutto;Asfaltata;Verticale ed orizzontale;Nuvoloso;Normale;Buona;;0;0;0;6;12.6155;41.8933;-1;2;Autovettura privata;In marcia / fermata / arresto;Passeggero;M;Illeso;0;;;
5222509;8;04/01/2021 10:00:00;Strada Urbana;VIA PRENESTINA;in corrispondenza;;del palo luce n.;490;;Tamponamento Multiplo;Rettilineo;Una carreggiata a doppio senso;Asciutto;Asfaltata;Verticale ed orizzontale;Nuvoloso;Normale;Buona;;0;0;0;6;12.6155;41.8933;-1;3;Autovettura privata;In marcia / fermata / arresto;Conducente;M;Illeso;0;;;
5222509;8;04/01/2021 10:00:00;Strada Urbana;VIA PRENESTINA;in corrispondenza;;del palo luce n.;490;;Tamponamento Multiplo;Rettilineo;Una carreggiata a doppio senso;Asciutto;Asfaltata;Verticale ed orizzontale;Nuvoloso;Normale;Buona;;0;0;0;6;12.6155;41.8933;-1;3;Autovettura privata;In marcia / fermata / arresto;Passeggero;M;Illeso;0;;;
5222510;8;04/01/2021 20:10:00;Strada Urbana;VIALE DEI ROMANISTI;da specificare;;;;10 metri da via TACCONI;Veicolo in marcia contro ostacolo accidentale;Curva a visuale libera;Due carreggiate;Bagnato (pioggia);Asfaltata;Verticale ed orizzontale;Pioggia in atto;Normale;Sufficiente;;0;0;0;1;12.5774;41.8675;-1;1;Autovettura privata;In marcia / fermata / arresto;Conducente;M;Illeso;0;;Non accertato;Inesploso
5222511;8;04/01/2021 20:05:00;Strada Urbana;VIALE DEI ROMANISTI;da specificare;;;;10 mt. da via TACCONI;Veicolo in marcia contro ostacolo accidentale;Curva a visuale libera;Due carreggiate;Bagnato (pioggia);Asfaltata;Verticale ed orizzontale;Pioggia in atto;Normale;Sufficiente;;0;0;0;1;12.5774;41.8675;-1;1;Autovettura privata;In marcia / fermata / arresto;Conducente;M;Illeso;0;;;
5222512;8;04/01/2021 11:00:00;Strada Urbana;VIA DI TORRENOVA;all'intersezione con;VIA DEDALO;VIA DEDALO;;;Scontro laterale fra veicoli in marcia;Incrocio;Una carreggiata a doppio senso;Asciutto;Asfaltata;Verticale ed orizzontale;Sereno;Normale;Buona;;0;0;0;3;12.6183;41.8782;-1;1;Autovettura privata;In marcia / fermata / arresto;Conducente;M;Illeso;0;;;
5222512;8;04/01/2021 11:00:00;Strada Urbana;VIA DI TORRENOVA;all'intersezione con;VIA DEDALO;VIA DEDALO;;;Scontro laterale fra veicoli in marcia;Incrocio;Una carreggiata a doppio senso;Asciutto;Asfaltata;Verticale ed orizzontale;Sereno;Normale;Buona;;0;0;0;3;12.6183;41.8782;-1;2;Autovettura privata;In marcia / fermata / arresto;Conducente;M;Illeso;0;;;