Protocollo;Gruppo;DataOraIncidente;Localizzazione1;STRADA1;Localizzazione2;STRADA2;Strada02;Chilometrica;DaSpecificare;NaturaIncidente;particolaritastrade;TipoStrada;FondoStradale;Pavimentazione;Segnaletica;CondizioneAtmosferica;Traffico;Visibilita;Illuminazione;NUM_FERITI;NUM_RISERVATA;NUM_MORTI;NUM_ILLESI;Longitudine;Latitudine;Confermato;Progressivo;TipoVeicolo;StatoVeicolo;TipoPersona;Sesso;Tipolesione;Deceduto;DecedutoDopo;CinturaCascoUtilizzato;Airbag;
5227629;8;08/01/2021 14:15:00;Strada Urbana;VIA DAVOLI;all'intersezione con;VIA BORGHESIANA;VIA BORGHESIANA;;;Scontro laterale fra veicoli in marcia;Incrocio;Una carreggiata a doppio senso;Asciutto;Asfaltata;Assente;Sereno;Normale;Buona;;0;0;0;2;12.6747;41.8735;-1;2;Autocarro inferiore 35 q.;In marcia / fermata / arresto;Conducente;M;Illeso;0;;Non accertato;Inesploso
5227631;8;08/01/2021 15:00:00;Provinciale entro l'abitato;VIA PRENESTINA;in prossimit�;;del palo luce n.;657;;Veicolo in marcia contro ostacolo accidentale;Rettilineo;Una carreggiata a doppio senso;Asciutto;Asfaltata;Orizzontale;Sereno;Intenso;Buona;;0;0;0;2;12.6155;41.8933;-1;1;Autovettura privata;In marcia / fermata / arresto;Conducente;M;Illeso;0;;Non accertato;Inesploso
5227631;8;08/01/2021 15:00:00;Provinciale entro l'abitato;VIA PRENESTINA;in prossimit�;;del palo luce n.;657;;Veicolo in marcia contro ostacolo accidentale;Rettilineo;Una carreggiata a doppio senso;Asciutto;Asfaltata;Orizzontale;Sereno;Intenso;Buona;;0;0;0;2;12.6155;41.8933;-1;1;Autovettura privata;In marcia / fermata / arresto;Passeggero;F;Illeso;0;;Non accertato;Inesploso
5227633;8;08/01/2021 18:10:00;Strada Urbana;VIA ALBERTO LUTHULI;all'intersezione con;VIA RAOUL FOLLEREAU;VIA RAOUL FOLLEREAU;;;Scontro laterale fra veicoli in marcia;Intersezione stradale segnalata;Una carreggiata a doppio senso;Asciutto;Asfaltata;Verticale ed orizzontale;Sereno;Normale;Buona;;1;0;0;2;12.6763;41.8938;-1;1;Autovettura privata;In marcia / fermata / arresto;Conducente;M;Illeso;0;;Non accertato;Inesploso
5227633;8;08/01/2021 18:10:00;Strada Urbana;VIA ALBERTO LUTHULI;all'intersezione con;VIA RAOUL FOLLEREAU;VIA RAOUL FOLLEREAU;;;Scontro laterale fra veicoli in marcia;Intersezione stradale segnalata;Una carreggiata a doppio senso;Asciutto;Asfaltata;Verticale ed orizzontale;Sereno;Normale;Buona;;1;0;0;2;12.6763;41.8938;-1;1;Autovettura privata;In marcia / fermata / arresto;Passeggero;F;Rifiuta cure immediate;0;NON DECEDUTO;Non accertato;Inesploso
5227633;8;08/01/2021 18:10:00;Strada Urbana;VIA ALBERTO LUTHULI;all'intersezione con;VIA RAOUL FOLLEREAU;VIA RAOUL FOLLEREAU;;;Scontro laterale fra veicoli in marcia;Intersezione stradale segnalata;Una carreggiata a doppio senso;Asciutto;Asfaltata;Verticale ed orizzontale;Sereno;Normale;Buona;;1;0;0;2;12.6763;41.8938;-1;2;Autovettura privata;In marcia / fermata / arresto;Conducente;M;Illeso;0;;Non accertato;Inesploso
5227756;11;08/01/2021 11:40:00;Strada Urbana;VIALE DEL TINTORETTO;in corrispondenza;;del civico n.;326;;Veicolo in marcia contro veicolo in sosta;Rettilineo;Due carreggiate;Asciutto;Asfaltata;Verticale ed orizzontale;Nuvoloso;Normale;Buona;;0;0;0;2;12.4922;41.8334;-1;1;Autovettura privata;Sosta;Passeggero;F;Illeso;0;;Utilizzato;
5227756;11;08/01/2021 11:40:00;Strada Urbana;VIALE DEL TINTORETTO;in corrispondenza;;del civico n.;326;;Veicolo in marcia contro veicolo in sosta;Rettilineo;Due carreggiate;Asciutto;Asfaltata;Verticale ed orizzontale;Nuvoloso;Normale;Buona;;0;0;0;2;12.4922;41.8334;-1;2;Autovettura privata;In marcia / fermata / arresto;Conducente;M;Illeso;0;;;
5227764;11;08/01/2021 13:50:00;Strada Urbana;VIA CALDERON DE LA BARCA;all'intersezione con;VIA VIENNA;VIA VIENNA;;;Scontro laterale fra veicoli in marcia;Incrocio;Due carreggiate;Asciutto;Asfaltata;Verticale ed orizzontale;Sereno;Scarso;Buona;;1;0;0;1;12.5113;41.8404;-1;1;Autocarro inferiore 35 q.;In marcia / fermata / arresto;Conducente;M;Rifiuta cure immediate;0;NON DECEDUTO;Non accertato;
5227764;11;08/01/2021 13:50:00;Strada Urbana;VIA CALDERON DE LA BARCA;all'intersezione con;VIA VIENNA;VIA VIENNA;;;Scontro laterale fra veicoli in marcia;Incrocio;Due carreggiate;Asciutto;Asfaltata;Verticale ed orizzontale;Sereno;Scarso;Buona;;1;0;0;1;12.5113;41.8404;-1;2;Autovettura privata;In marcia / fermata / arresto;Conducente;M;Illeso;0;;Non accertato;
5227764;11;08/01/2021 13:50:00;Strada Urbana;VIA CALDERON DE LA BARCA;all'intersezione con;VIA VIENNA;VIA VIENNA;;;Scontro laterale fra veicoli in marcia;Incrocio;Due carreggiate;Asciutto;Asfaltata;Verticale ed orizzontale;Sereno;Scarso;Buona;;1;0;0;1;12.5113;41.8404;-1;3;Autovettura privata;Sosta;;;;;;;
5227764;11;08/01/2021 13:50:00;Strada Urbana;VIA CALDERON DE LA BARCA;all'intersezione con;VIA VIENNA;VIA VIENNA;;;Scontro laterale fra veicoli in marcia;Incrocio;Due carreggiate;Asciutto;Asfaltata;Verticale ed orizzontale;Sereno;Scarso;Buona;;1;0;0;1;12.5113;41.8404;-1;4;Autovettura privata;Sosta;;;;;;;
5227766;13;04/01/2021 19:45:00;Strada Urbana;VIA OSTIENSE;all'intersezione con;VIA DI MALAFEDE;VIA DI MALAFEDE;;;Veicolo in marcia contro ostacolo accidentale;Incrocio;Una carreggiata a senso unico di marcia;Asciutto;Asfaltata;Assente;Sereno;Intenso;Buona;;0;0;0;1;12.4229;41.8109;-1;1;Autovettura privata;In marcia / fermata / arresto;Conducente;M;Illeso;0;;Non accertato;Inesploso
5227770;13;07/01/2021 18:55:00;Strada Urbana;VIA DELLE AZZORRE;all'intersezione con;VIA DELLE BALEARI;VIA DELLE BALEARI;;;Scontro frontale/laterale SX fra veicoli in marcia;Incrocio;Due carreggiate;Bagnato (umidit� in atto);Asfaltata;Verticale;Nuvoloso;Normale;Sufficiente;;0;0;0;2;12.2738;41.7413;-1;1;Autovettura privata;In marcia / fermata / arresto;Conducente;M;Illeso;0;;Non accertato;Inesploso
5227770;13;07/01/2021 18:55:00;Strada Urbana;VIA DELLE AZZORRE;all'intersezione con;VIA DELLE BALEARI;VIA DELLE BALEARI;;;Scontro frontale/laterale SX fra veicoli in marcia;Incrocio;Due carreggiate;Bagnato (umidit� in atto);Asfaltata;Verticale;Nuvoloso;Normale;Sufficiente;;0;0;0;2;12.2738;41.7413;-1;2;Autovettura privata;In marcia / fermata / arresto;Conducente;F;Illeso;0;;Non accertato;Inesploso
5227779;13;08/01/2021 14:20:00;Strada Urbana;VIA GIACOMO DELLA MARCA;all'intersezione con;VIA AGNELLO DA PISA;VIA AGNELLO DA PISA;;;Scontro frontale/laterale SX fra veicoli in marcia;Incrocio;Una carreggiata a senso unico di marcia;Asciutto;Asfaltata;Verticale ed orizzontale;Sereno;Scarso;Sufficiente;;0;0;0;2;12.3541;41.7857;-1;1;Autocarro inferiore 35 q.;In marcia / fermata / arresto;Conducente;F;Illeso;0;;Non accertato;Inesploso
5227779;13;08/01/2021 14:20:00;Strada Urbana;VIA GIACOMO DELLA MARCA;all'intersezione con;VIA AGNELLO DA PISA;VIA AGNELLO DA PISA;;;Scontro frontale/laterale SX fra veicoli in marcia;Incrocio;Una carreggiata a senso unico di marcia;Asciutto;Asfaltata;Verticale ed orizzontale;Sereno;Scarso;Sufficiente;;0;0;0;2;12.3541;41.7857;-1;2;Autovettura privata;In marcia / fermata / arresto;Conducente;M;Illeso;0;;Non accertato;Inesploso
5227782;13;08/01/2021 11:00:00;Strada Urbana;VIA DELLE ANTILLE;all'intersezione con;VIA DELLE BALEARI;VIA DELLE BALEARI;;;Veicolo in marcia contro veicolo in sosta;Incrocio;Una carreggiata a doppio senso;Asciutto;Asfaltata;Verticale ed orizzontale;Nuvoloso;Normale;Sufficiente;;0;0;0;1;12.2805;41.7377;-1;1;Autocarro superiore 35 q.;Sosta;;;;;;;
5227782;13;08/01/2021 11:00:00;Strada Urbana;VIA DELLE ANTILLE;all'intersezione con;VIA DELLE BALEARI;VIA DELLE BALEARI;;;Veicolo in marcia contro veicolo in sosta;Incrocio;Una carreggiata a doppio senso;Asciutto;Asfaltata;Verticale ed orizzontale;Nuvoloso;Normale;Sufficiente;;0;0;0;1;12.2805;41.7377;-1;2;Autovettura privata;In marcia / fermata / arresto;Conducente;M;Illeso;0;;;
5227784;13;08/01/2021 12:50:00;Strada Urbana;VIA DI PONTE LADRONE;all'intersezione con;VIA OSTIENSE;VIA OSTIENSE;;;Scontro frontale/laterale DX fra veicoli in marcia;Incrocio;Una carreggiata a doppio senso;Asciutto;Asfaltata;Verticale ed orizzontale;Sereno;Normale;Sufficiente;;0;0;0;4;12.3783;41.7856;-1;1;Autovettura privata;In marcia / fermata / arresto;Conducente;M;Illeso;0;;;
5227784;13;08/01/2021 12:50:00;Strada Urbana;VIA DI PONTE LADRONE;all'intersezione con;VIA OSTIENSE;VIA OSTIENSE;;;Scontro frontale/laterale DX fra veicoli in marcia;Incrocio;Una carreggiata a doppio senso;Asciutto;Asfaltata;Verticale ed orizzontale;Sereno;Normale;Sufficiente;;0;0;0;4;12.3783;41.7856;-1;2;Autovettura privata;In marcia / fermata / arresto;Conducente;M;Illeso;0;;;
5227784;13;08/01/2021 12:50:00;Strada Urbana;VIA DI PONTE LADRONE;all'intersezione con;VIA OSTIENSE;VIA OSTIENSE;;;Scontro frontale/laterale DX fra veicoli in marcia;Incrocio;Una carreggiata a doppio senso;Asciutto;Asfaltata;Verticale ed orizzontale;Sereno;Normale;Sufficiente;;0;0;0;4;12.3783;41.7856;-1;2;Autovettura privata;In marcia / fermata / arresto;Passeggero;F;Illeso;0;;;Inesploso
5227784;13;08/01/2021 12:50:00;Strada Urbana;VIA DI PONTE LADRONE;all'intersezione con;VIA OSTIENSE;VIA OSTIENSE;;;Scontro frontale/laterale DX fra veicoli in marcia;Incrocio;Una carreggiata a doppio senso;Asciutto;Asfaltata;Verticale ed orizzontale;Sereno;Normale;Sufficiente;;0;0;0;4;12.3783;41.7856;-1;2;Autovettura privata;In marcia / fermata / arresto;Passeggero;F;Illeso;0;;;Inesploso
5227785;13;08/01/2021 19:30:00;Strada Urbana;VIA DI MALAFEDE;all'intersezione con;VIA OSTIENSE;VIA OSTIENSE;;;Scontro frontale/laterale SX fra veicoli in marcia;Incrocio;Una carreggiata a doppio senso;Asciutto;Asfaltata;Verticale ed orizzontale;Sereno;Normale;Sufficiente;;0;0;0;2;12.4127;41.7778;-1;1;Autovettura privata;In marcia / fermata / arresto;Conducente;M;Illeso;0;;Non accertato;Inesploso
5227785;13;08/01/2021 19:30:00;Strada Urbana;VIA DI MALAFEDE;all'intersezione con;VIA OSTIENSE;VIA OSTIENSE;;;Scontro frontale/laterale SX fra veicoli in marcia;Incrocio;Una carreggiata a doppio senso;Asciutto;Asfaltata;Verticale ed orizzontale;Sereno;Normale;Sufficiente;;0;0;0;2;12.4127;41.7778;-1;2;Motociclo a solo;In marcia / fermata / arresto;Conducente;M;Illeso;0;;;
5227787;13;08/01/2021 21:40:00;Strada Urbana;LUNGOMARE AMERIGO VESPUCCI;da specificare;;;;altezza Stab. Finanza;Scontro frontale/laterale DX fra veicoli in marcia;Rettilineo;Una carreggiata a doppio senso;Asciutto;Asfaltata;Verticale ed orizzontale;Sereno;Scarso;Buona;;1;0;0;2;12.3317;41.7084;-1;1;Autovettura privata;In marcia / fermata / arresto;Conducente;F;Rimandato;0;NON DECEDUTO;Non accertato;Esploso
5227787;13;08/01/2021 21:40:00;Strada Urbana;LUNGOMARE AMERIGO VESPUCCI;da specificare;;;;altezza Stab. Finanza;Scontro frontale/laterale DX fra veicoli in marcia;Rettilineo;Una carreggiata a doppio senso;Asciutto;Asfaltata;Verticale ed orizzontale;Sereno;Scarso;Buona;;1;0;0;2;12.3317;41.7084;-1;2;Autovettura privata;In marcia / fermata / arresto;Conducente;M;Illeso;0;;Non accertato;Inesploso
5227787;13;08/01/2021 21:40:00;Strada Urbana;LUNGOMARE AMERIGO VESPUCCI;da specificare;;;;altezza Stab. Finanza;Scontro frontale/laterale DX fra veicoli in marcia;Rettilineo;Una carreggiata a doppio senso;Asciutto;Asfaltata;Verticale ed orizzontale;Sereno;Scarso;Buona;;1;0;0;2;12.3317;41.7084;-1;2;Autovettura privata;In marcia / fermata / arresto;Passeggero;F;Illeso;0;;;Inesploso
5227791;13;09/01/2021;Strada Urbana;CORSO DUCA DI GENOVA;in corrispondenza;;del civico n.;128;;Veicolo in marcia contro ostacolo fisso;Rettilineo;Una carreggiata a doppio senso;Asciutto;Asfaltata;Assente;Sereno;Scarso;Buona;;0;0;0;0;12.2678;41.7352;0;1;Autovettura privata;Allontanatosi;;;;;;;
5227791;13;09/01/2021;Strada Urbana;CORSO DUCA DI GENOVA;in corrispondenza;;del civico n.;128;;Veicolo in marcia contro ostacolo fisso;Rettilineo;Una carreggiata a doppio senso;Asciutto;Asfaltata;Assente;Sereno;Scarso;Buona;;0;0;0;0;12.2678;41.7352;0;2;Autovettura privata;Sosta;;;;;;;
5227791;13;09/01/2021;Strada Urbana;CORSO DUCA DI GENOVA;in corrispondenza;;del civico n.;128;;Veicolo in marcia contro ostacolo fisso;Rettilineo;Una carreggiata a doppio senso;Asciutto;Asfaltata;Assente;Sereno;Scarso;Buona;;0;0;0;0;12.2678;41.7352;0;3;Autovettura privata;Sosta;;;;;;;
5227810;11;08/01/2021 11:00:00;Provinciale;VIA ARDEATINA;all'intersezione con;VIA DI FIORANELLO;VIA DI FIORANELLO;;;Tamponamento;Incrocio;Una carreggiata a doppio senso;Asciutto;Asfaltata;Orizzontale;Nuvoloso;Normale;Buona;;0;0;0;2;12.535;41.7957;-1;1;Autocarro inferiore 35 q.;In marcia / fermata / arresto;Conducente;M;Illeso;0;;Non accertato;Inesploso
5227810;11;08/01/2021 11:00:00;Provinciale;VIA ARDEATINA;all'intersezione con;VIA DI FIORANELLO;VIA DI FIORANELLO;;;Tamponamento;Incrocio;Una carreggiata a doppio senso;Asciutto;Asfaltata;Orizzontale;Nuvoloso;Normale;Buona;;0;0;0;2;12.535;41.7957;-1;2;Autovettura privata;In marcia / fermata / arresto;Conducente;F;Illeso;0;;Non accertato;Inesploso
5227812;1;08/01/2021 15:55:00;Strada Urbana;LUNGOTEVERE DEGLI ANGUILLARA;in prossimit�;;del civico n.;11;;Scontro laterale fra veicoli in marcia;Rettilineo;Una carreggiata a senso unico di marcia;Asciutto;Asfaltata;Verticale ed orizzontale;Sereno;Normale;Buona;;1;0;0;1;12.476;41.8899;-1;1;Autocarro inferiore 35 q.;In marcia / fermata / arresto;Conducente;M;Illeso;0;;;
5227812;1;08/01/2021 15:55:00;Strada Urbana;LUNGOTEVERE DEGLI ANGUILLARA;in prossimit�;;del civico n.;11;;Scontro laterale fra veicoli in marcia;Rettilineo;Una carreggiata a senso unico di marcia;Asciutto;Asfaltata;Verticale ed orizzontale;Sereno;Normale;Buona;;1;0;0;1;12.476;41.8899;-1;2;Motociclo a solo;In marcia / fermata / arresto;Conducente;F;Rimandato;0;NON DECEDUTO;;
5227835;4;08/01/2021 05:00:00;Strada Urbana;VIA GEROLAMO ROVETTA;da specificare;;;;snc;Veicolo in marcia contro veicolo in sosta;Rettilineo;Una carreggiata a doppio senso;Asciutto;Asfaltata;Verticale ed orizzontale;Nuvoloso;Scarso;Buona;;0;0;0;0;12.5599;41.9494;-1;1;Autovettura privata;Sosta;;;;;;;
5227845;4;08/01/2021 06:45:00;Provinciale entro l'abitato;VIA ETTORE ROMAGNOLI;all'intersezione con;VIA NOMENTANA;VIA NOMENTANA;;;Scontro frontale/laterale SX fra veicoli in marcia;Incrocio;Una carreggiata a doppio senso;Asciutto;Asfaltata;Verticale ed orizzontale;Nuvoloso;Intenso;Buona;;1;0;0;1;12.5468;41.9412;-1;1;Autovettura privata;In marcia / fermata / arresto;Conducente;M;Illeso;0;;Non accertato;Inesploso
5227845;4;08/01/2021 06:45:00;Provinciale entro l'abitato;VIA ETTORE ROMAGNOLI;all'intersezione con;VIA NOMENTANA;VIA NOMENTANA;;;Scontro frontale/laterale SX fra veicoli in marcia;Incrocio;Una carreggiata a doppio senso;Asciutto;Asfaltata;Verticale ed orizzontale;Nuvoloso;Intenso;Buona;;1;0;0;1;12.5468;41.9412;-1;2;Motociclo a solo;In marcia / fermata / arresto;Conducente;M;Rimandato;0;NON DECEDUTO;Non accertato;
5227853;1;08/01/2021 17:10:00;Strada Urbana;LUNGOTEVERE MARZIO;in prossimit�;;del civico n.;11;;Scontro laterale fra veicoli in marcia;Rettilineo;Una carreggiata a senso unico di marcia;Asciutto;Asfaltata;Verticale ed orizzontale;Sereno;Normale;Sufficiente;;1;0;0;2;12.4743;41.9035;-1;1;Autovettura privata;In marcia / fermata / arresto;Conducente;M;Illeso;0;;;
5227853;1;08/01/2021 17:10:00;Strada Urbana;LUNGOTEVERE MARZIO;in prossimit�;;del civico n.;11;;Scontro laterale fra veicoli in marcia;Rettilineo;Una carreggiata a senso unico di marcia;Asciutto;Asfaltata;Verticale ed orizzontale;Sereno;Normale;Sufficiente;;1;0;0;2;12.4743;41.9035;-1;1;Autovettura privata;In marcia / fermata / arresto;Passeggero;M;Illeso;0;;;
5227853;1;08/01/2021 17:10:00;Strada Urbana;LUNGOTEVERE MARZIO;in prossimit�;;del civico n.;11;;Scontro laterale fra veicoli in marcia;Rettilineo;Una carreggiata a senso unico di marcia;Asciutto;Asfaltata;Verticale ed orizzontale;Sereno;Normale;Sufficiente;;1;0;0;2;12.4743;41.9035;-1;2;Motociclo a solo;In marcia / fermata / arresto;Conducente;M;Rifiuta cure immediate;0;NON DECEDUTO;;
5227856;4;08/01/2021 21:00:00;Strada Urbana;VIA CAMERATA PICENA;da specificare;;;;100 m dopo rotatoria VIA PALMIANO direzione GRA;Scontro frontale/laterale SX fra veicoli in marcia;Curva senza visuale libera;Una carreggiata a doppio senso;Asciutto;Asfaltata;Orizzontale;Sereno;Normale;Insufficiente;;1;0;0;1;12.5159;41.9859;-1;1;Autovettura privata;In marcia / fermata / arresto;Conducente;F;Illeso;0;;Non accertato;Inesploso
5227856;4;08/01/2021 21:00:00;Strada Urbana;VIA CAMERATA PICENA;da specificare;;;;100 m dopo rotatoria VIA PALMIANO direzione GRA;Scontro frontale/laterale SX fra veicoli in marcia;Curva senza visuale libera;Una carreggiata a doppio senso;Asciutto;Asfaltata;Orizzontale;Sereno;Normale;Insufficiente;;1;0;0;1;12.5159;41.9859;-1;2;Autovettura privata;In marcia / fermata / arresto;Conducente;F;Rimandato;0;NON DECEDUTO;Non accertato;Esploso
5227860;10;08/01/2021 13:00:00;Strada Urbana;VIA BERNARDINO ALIMENA;in corrispondenza;;del civico n.;54;;Tamponamento;Rettilineo;Due carreggiate;Asciutto;Asfaltata;Orizzontale;Sereno;Normale;Buona;;0;0;0;2;12.6029;41.8476;-1;1;Autovettura privata;In marcia / fermata / arresto;Conducente;M;Illeso;0;;Non accertato;Inesploso
5227860;10;08/01/2021 13:00:00;Strada Urbana;VIA BERNARDINO ALIMENA;in corrispondenza;;del civico n.;54;;Tamponamento;Rettilineo;Due carreggiate;Asciutto;Asfaltata;Orizzontale;Sereno;Normale;Buona;;0;0;0;2;12.6029;41.8476;-1;2;Motociclo a solo;In marcia / fermata / arresto;Conducente;M;Illeso;0;;Non accertato;
5227867;10;08/01/2021 15:40:00;Strada Urbana;VIA LICINIO STOLONE;all'intersezione con;VIA STATILIO OTTATO;VIA STATILIO OTTATO;;;Scontro laterale fra veicoli in marcia;Incrocio;Una carreggiata a senso unico di marcia;Asciutto;Asfaltata;Verticale ed orizzontale;Sereno;Normale;Buona;;0;0;0;3;12.5674;41.8557;-1;1;Autovettura privata;In marcia / fermata / arresto;Conducente;F;Illeso;0;;Non accertato;
5227867;10;08/01/2021 15:40:00;Strada Urbana;VIA LICINIO STOLONE;all'intersezione con;VIA STATILIO OTTATO;VIA STATILIO OTTATO;;;Scontro laterale fra veicoli in marcia;Incrocio;Una carreggiata a senso unico di marcia;Asciutto;Asfaltata;Verticale ed orizzontale;Sereno;Normale;Buona;;0;0;0;3;12.5674;41.8557;-1;1;Autovettura privata;In marcia / fermata / arresto;Passeggero;F;Illeso;0;;Non accertato;
5227867;10;08/01/2021 15:40:00;Strada Urbana;VIA LICINIO STOLONE;all'intersezione con;VIA STATILIO OTTATO;VIA STATILIO OTTATO;;;Scontro laterale fra veicoli in marcia;Incrocio;Una carreggiata a senso unico di marcia;Asciutto;Asfaltata;Verticale ed orizzontale;Sereno;Normale;Buona;;0;0;0;3;12.5674;41.8557;-1;2;Autovettura privata;In marcia / fermata / arresto;Conducente;F;Illeso;0;;Non accertato;
5227871;10;08/01/2021 17:00:00;Autostrada;VIA APPIA NUOVA;da specificare;;;;altezza uscita 23 GRA;Scontro laterale fra veicoli in marcia;Curva a visuale libera;Due carreggiate;Asciutto;Asfaltata;Verticale ed orizzontale;Sereno;Normale;Sufficiente;;0;0;0;3;12.5714;41.8113;-1;1;Autovettura privata;In marcia / fermata / arresto;Conducente;F;Illeso;0;;Non accertato;Inesploso
5227871;10;08/01/2021 17:00:00;Autostrada;VIA APPIA NUOVA;da specificare;;;;altezza uscita 23 GRA;Scontro laterale fra veicoli in marcia;Curva a visuale libera;Due carreggiate;Asciutto;Asfaltata;Verticale ed orizzontale;Sereno;Normale;Sufficiente;;0;0;0;3;12.5714;41.8113;-1;2;Autovettura privata;In marcia / fermata / arresto;Conducente;M;Illeso;0;;Non accertato;Inesploso
5227871;10;08/01/2021 17:00:00;Autostrada;VIA APPIA NUOVA;da specificare;;;;altezza uscita 23 GRA;Scontro laterale fra veicoli in marcia;Curva a visuale libera;Due carreggiate;Asciutto;Asfaltata;Verticale ed orizzontale;Sereno;Normale;Sufficiente;;0;0;0;3;12.5714;41.8113;-1;2;Autovettura privata;In marcia / fermata / arresto;Passeggero;M;Illeso;0;;Non accertato;Inesploso
5227872;20;08/01/2021 15:50:00;Strada Urbana;CORSO DI FRANCIA;in corrispondenza;;del civico n.;257;;Scontro frontale/laterale SX fra veicoli in marcia;Rettilineo;Pi� di due carreggiate;Asciutto;Asfaltata;Verticale ed orizzontale;Sereno;Normale;Buona;;0;0;0;1;12.4691;41.9465;-1;1;Autovettura privata;In marcia / fermata / arresto;Conducente;M;Illeso;0;;;
5227872;20;08/01/2021 15:50:00;Strada Urbana;CORSO DI FRANCIA;in corrispondenza;;del civico n.;257;;Scontro frontale/laterale SX fra veicoli in marcia;Rettilineo;Pi� di due carreggiate;Asciutto;Asfaltata;Verticale ed orizzontale;Sereno;Normale;Buona;;0;0;0;1;12.4691;41.9465;-1;2;Autovettura privata;Allontanatosi;;;;;;;
5227885;1;08/01/2021 14:40:00;Strada Urbana;VIA MARIA ADELAIDE;da specificare;;;;.;Scontro laterale fra veicoli in marcia;Rettilineo;Una carreggiata a senso unico di marcia;Asciutto;Asfaltata;Verticale ed orizzontale;Sereno;Intenso;Buona;;0;0;0;2;12.4743;41.9102;-1;1;Autovettura privata;In marcia / fermata / arresto;Conducente;M;Illeso;0;;;
5227885;1;08/01/2021 14:40:00;Strada Urbana;VIA MARIA ADELAIDE;da specificare;;;;.;Scontro laterale fra veicoli in marcia;Rettilineo;Una carreggiata a senso unico di marcia;Asciutto;Asfaltata;Verticale ed orizzontale;Sereno;Intenso;Buona;;0;0;0;2;12.4743;41.9102;-1;2;Autovettura privata;In marcia / fermata / arresto;Conducente;M;Illeso;0;;;
5227895;20;08/01/2021 13:30:00;Regionale entro l'abitato;VIA FLAMINIA;in prossimit�;;del civico n.;861;;Tamponamento;Rettilineo;Due carreggiate;Asciutto;Asfaltata;Verticale ed orizzontale;Sereno;Intenso;Buona;;0;0;0;2;12.4846;41.9525;-1;1;Autocarro inferiore 35 q.;In marcia / fermata / arresto;Conducente;M;Illeso;0;;Non accertato;
5227895;20;08/01/2021 13:30:00;Regionale entro l'abitato;VIA FLAMINIA;in prossimit�;;del civico n.;861;;Tamponamento;Rettilineo;Due carreggiate;Asciutto;Asfaltata;Verticale ed orizzontale;Sereno;Intenso;Buona;;0;0;0;2;12.4846;41.9525;-1;2;Autovettura privata;In marcia / fermata / arresto;Conducente;M;Illeso;0;;;
5227912;20;08/01/2021 14:20:00;Strada Urbana;VIA FLAMINIA NUOVA;in prossimit�;;del civico n.;290;;Tamponamento Multiplo;Rettilineo;Una carreggiata a doppio senso;Asciutto;Asfaltata;Verticale ed orizzontale;Sereno;Intenso;Buona;;0;0;0;5;12.4764;41.953;-1;1;Autovettura privata;In marcia / fermata / arresto;Conducente;M;Illeso;0;;Non accertato;
5227912;20;08/01/2021 14:20:00;Strada Urbana;VIA FLAMINIA NUOVA;in prossimit�;;del civico n.;290;;Tamponamento Multiplo;Rettilineo;Una carreggiata a doppio senso;Asciutto;Asfaltata;Verticale ed orizzontale;Sereno;Intenso;Buona;;0;0;0;5;12.4764;41.953;-1;2;Autovettura privata;In marcia / fermata / arresto;Conducente;M;Illeso;0;;;
5227912;20;08/01/2021 14:20:00;Strada Urbana;VIA FLAMINIA NUOVA;in prossimit�;;del civico n.;290;;Tamponamento Multiplo;Rettilineo;Una carreggiata a doppio senso;Asciutto;Asfaltata;Verticale ed orizzontale;Sereno;Intenso;Buona;;0;0;0;5;12.4764;41.953;-1;3;Autovettura privata;In marcia / fermata / arresto;Conducente;M;Illeso;0;;;
5227912;20;08/01/2021 14:20:00;Strada Urbana;VIA FLAMINIA NUOVA;in prossimit�;;del civico n.;290;;Tamponamento Multiplo;Rettilineo;Una carreggiata a doppio senso;Asciutto;Asfaltata;Verticale ed orizzontale;Sereno;Intenso;Buona;;0;0;0;5;12.4764;41.953;-1;4;Autovettura privata;In marcia / fermata / arresto;Conducente;M;Illeso;0;;Non accertato;
5227912;20;08/01/2021 14:20:00;Strada Urbana;VIA FLAMINIA NUOVA;in prossimit�;;del civico n.;290;;Tamponamento Multiplo;Rettilineo;Una carreggiata a doppio senso;Asciutto;Asfaltata;Verticale ed orizzontale;Sereno;Intenso;Buona;;0;0;0;5;12.4764;41.953;-1;5;Autovettura privata;In marcia / fermata / arresto;Conducente;M;Illeso;0;;;
5227925;20;09/01/2021 00:15:00;Regionale;VIADOTTO GIUBILEO DEL 2000;da specificare;;;;prossimit� km. 12,00;Veicolo in marcia contro ostacolo fisso;Curva senza visuale libera;Due carreggiate;Bagnato (brina);Asfaltata;Verticale ed orizzontale;Nuvoloso;Scarso;Insufficiente;;0;0;0;1;12.4953;41.989;-1;1;Autovettura privata;In marcia / fermata / arresto;Conducente;M;Illeso;0;;;
5227928;1;08/01/2021 14:40:00;Strada Urbana;VIA DI PIE' DI MARMO;all'intersezione con;VIA S. STEFANO DEL CACCO;VIA S. STEFANO DEL CACCO;;;Veicolo in marcia contro veicoli in sosta;Incrocio;Una carreggiata a senso unico di marcia;Asciutto;Acciotolata;Verticale;Sereno;Normale;Buona;;0;0;0;1;12.4794;41.8977;-1;1;Autovettura privata;Sosta;;;;;;;
5227928;1;08/01/2021 14:40:00;Strada Urbana;VIA DI PIE' DI MARMO;all'intersezione con;VIA S. STEFANO DEL CACCO;VIA S. STEFANO DEL CACCO;;;Veicolo in marcia contro veicoli in sosta;Incrocio;Una carreggiata a senso unico di marcia;Asciutto;Acciotolata;Verticale;Sereno;Normale;Buona;;0;0;0;1;12.4794;41.8977;-1;2;Autovettura privata;Sosta;;;;;;;