Protocollo;Gruppo;DataOraIncidente;Localizzazione1;STRADA1;Localizzazione2;STRADA2;Strada02;Chilometrica;DaSpecificare;NaturaIncidente;particolaritastrade;TipoStrada;FondoStradale;Pavimentazione;Segnaletica;CondizioneAtmosferica;Traffico;Visibilita;Illuminazione;NUM_FERITI;NUM_RISERVATA;NUM_MORTI;NUM_ILLESI;Longitudine;Latitudine;Confermato;Progressivo;TipoVeicolo;StatoVeicolo;TipoPersona;Sesso;Tipolesione;Deceduto;DecedutoDopo;CinturaCascoUtilizzato;Airbag;
5229465;12;10/01/2021 21:30:00;Strada Urbana;VIA PONTINA;in corrispondenza;;del civico n.;669;;Veicolo in marcia contro veicoli in sosta;Rettilineo;Una carreggiata a doppio senso;Bagnato (umidit� in atto);Asfaltata;Verticale ed orizzontale;Nuvoloso;Scarso;Sufficiente;;1;0;0;0;12.4396;41.7715;-1;4;Autovettura privata;Sosta;;;;;;;
5229467;7;08/01/2021 11:40:00;Strada Urbana;VIA DEI FAGGI;all'intersezione con;VIA DEI FRASSINI;VIA DEI FRASSINI;;;Tamponamento;Incrocio;Una carreggiata a doppio senso;Asciutto;Asfaltata;Verticale ed orizzontale;Nuvoloso;Normale;Sufficiente;;0;0;0;3;12.5682;41.8841;-1;1;Autovettura privata;In marcia / fermata / arresto;Conducente;M;Illeso;0;;Non accertato;Inesploso
5229467;7;08/01/2021 11:40:00;Strada Urbana;VIA DEI FAGGI;all'intersezione con;VIA DEI FRASSINI;VIA DEI FRASSINI;;;Tamponamento;Incrocio;Una carreggiata a doppio senso;Asciutto;Asfaltata;Verticale ed orizzontale;Nuvoloso;Normale;Sufficiente;;0;0;0;3;12.5682;41.8841;-1;2;Autovettura privata;In marcia / fermata / arresto;Conducente;M;Illeso;0;;Non accertato;Inesploso
5229467;7;08/01/2021 11:40:00;Strada Urbana;VIA DEI FAGGI;all'intersezione con;VIA DEI FRASSINI;VIA DEI FRASSINI;;;Tamponamento;Incrocio;Una carreggiata a doppio senso;Asciutto;Asfaltata;Verticale ed orizzontale;Nuvoloso;Normale;Sufficiente;;0;0;0;3;12.5682;41.8841;-1;2;Autovettura privata;In marcia / fermata / arresto;Passeggero;M;Illeso;0;;Non accertato;Inesploso
5229469;6;10/01/2021 21:50:00;Strada Urbana;VIA PRENESTINA;all'intersezione semaforizzata con;VIALE PALMIRO TOGLIATTI;VIALE PALMIRO TOGLIATTI;;;Scontro frontale/laterale DX fra veicoli in marcia;Intersezione semaforizzata;Due carreggiate;Bagnato (umidit� in atto);Asfaltata;Verticale ed orizzontale;Sereno;Scarso;Sufficiente;;3;0;0;1;12.5746;41.8948;-1;1;Autovettura privata;In marcia / fermata / arresto;Conducente;F;Illeso;0;;;
5229469;6;10/01/2021 21:50:00;Strada Urbana;VIA PRENESTINA;all'intersezione semaforizzata con;VIALE PALMIRO TOGLIATTI;VIALE PALMIRO TOGLIATTI;;;Scontro frontale/laterale DX fra veicoli in marcia;Intersezione semaforizzata;Due carreggiate;Bagnato (umidit� in atto);Asfaltata;Verticale ed orizzontale;Sereno;Scarso;Sufficiente;;3;0;0;1;12.5746;41.8948;-1;2;Autovettura privata;In marcia / fermata / arresto;Conducente;M;Rifiuta cure immediate;0;NON DECEDUTO;;
5229469;6;10/01/2021 21:50:00;Strada Urbana;VIA PRENESTINA;all'intersezione semaforizzata con;VIALE PALMIRO TOGLIATTI;VIALE PALMIRO TOGLIATTI;;;Scontro frontale/laterale DX fra veicoli in marcia;Intersezione semaforizzata;Due carreggiate;Bagnato (umidit� in atto);Asfaltata;Verticale ed orizzontale;Sereno;Scarso;Sufficiente;;3;0;0;1;12.5746;41.8948;-1;2;Autovettura privata;In marcia / fermata / arresto;Passeggero;M;Rifiuta cure immediate;0;NON DECEDUTO;;Esploso
5229469;6;10/01/2021 21:50:00;Strada Urbana;VIA PRENESTINA;all'intersezione semaforizzata con;VIALE PALMIRO TOGLIATTI;VIALE PALMIRO TOGLIATTI;;;Scontro frontale/laterale DX fra veicoli in marcia;Intersezione semaforizzata;Due carreggiate;Bagnato (umidit� in atto);Asfaltata;Verticale ed orizzontale;Sereno;Scarso;Sufficiente;;3;0;0;1;12.5746;41.8948;-1;2;Autovettura privata;In marcia / fermata / arresto;Passeggero;M;Rimandato;0;NON DECEDUTO;;Esploso
5229470;18;09/01/2021 11:45:00;Statale;VIA AURELIA;da specificare;;;;IN PROX KM 10.200 DIR. ROMA CENTRO;Veicolo in marcia contro ostacolo accidentale;Rettilineo;Due carreggiate;Bagnato (pioggia);Asfaltata;Verticale ed orizzontale;Pioggia in atto;Normale;Sufficiente;;0;0;0;1;12.4012;41.8861;-1;1;Autovettura privata;In marcia / fermata / arresto;Conducente;M;Illeso;0;;;
5229473;7;08/01/2021 22:35:00;Strada Urbana;PIAZZA CESARE DE CUPIS;in corrispondenza;;del civico n.;12;;Veicolo in marcia contro veicolo in sosta;Rotatoria;Una carreggiata a senso unico di marcia;Asciutto;Asfaltata;Orizzontale;Sereno;Scarso;Buona;;0;0;0;1;12.59;41.9043;-1;1;Autobus di linea;In marcia / fermata / arresto;Conducente;M;Illeso;0;;Non accertato;Inesploso
5229473;7;08/01/2021 22:35:00;Strada Urbana;PIAZZA CESARE DE CUPIS;in corrispondenza;;del civico n.;12;;Veicolo in marcia contro veicolo in sosta;Rotatoria;Una carreggiata a senso unico di marcia;Asciutto;Asfaltata;Orizzontale;Sereno;Scarso;Buona;;0;0;0;1;12.59;41.9043;-1;2;Autovettura privata;Sosta;;;;;;;
5229484;7;10/01/2021 14:50:00;Strada Urbana;PIAZZA DELLE CAMELIE;all'intersezione con;VIA TOR DE' SCHIAVI;VIA TOR DE' SCHIAVI;;;Scontro frontale/laterale SX fra veicoli in marcia;Rotatoria;Una carreggiata a doppio senso;Bagnato (pioggia);Asfaltata;Verticale ed orizzontale;Pioggia in atto;Scarso;Buona;;0;0;0;2;12.5644;41.8762;-1;1;Autovettura privata;In marcia / fermata / arresto;Conducente;M;Illeso;0;;Non accertato;Esploso
5229484;7;10/01/2021 14:50:00;Strada Urbana;PIAZZA DELLE CAMELIE;all'intersezione con;VIA TOR DE' SCHIAVI;VIA TOR DE' SCHIAVI;;;Scontro frontale/laterale SX fra veicoli in marcia;Rotatoria;Una carreggiata a doppio senso;Bagnato (pioggia);Asfaltata;Verticale ed orizzontale;Pioggia in atto;Scarso;Buona;;0;0;0;2;12.5644;41.8762;-1;2;Autovettura privata;In marcia / fermata / arresto;Conducente;M;Illeso;0;;Non accertato;Esploso
5229486;1;10/01/2021 13:00:00;Strada Urbana;VIA GIULIA;in prossimit�;;del civico n.;248;;Scontro laterale fra veicoli in marcia;Rettilineo;Una carreggiata a doppio senso;Bagnato (pioggia);Acciotolata;Verticale ed orizzontale;Pioggia in atto;Scarso;Buona;;0;0;0;2;12.4696;41.8946;0;1;Autovettura privata;In marcia / fermata / arresto;Conducente;M;Illeso;0;;;
5229486;1;10/01/2021 13:00:00;Strada Urbana;VIA GIULIA;in prossimit�;;del civico n.;248;;Scontro laterale fra veicoli in marcia;Rettilineo;Una carreggiata a doppio senso;Bagnato (pioggia);Acciotolata;Verticale ed orizzontale;Pioggia in atto;Scarso;Buona;;0;0;0;2;12.4696;41.8946;0;2;Autovettura privata;In marcia / fermata / arresto;Conducente;M;Illeso;0;;;
5229499;12;08/01/2021 20:50:00;Strada Urbana;VIA LAURENTINA;da specificare;;;;PROX ROTATORIA TOR PAGNOTTA;Tamponamento;Rotatoria;Due carreggiate;Asciutto;Asfaltata;Verticale ed orizzontale;Sereno;Scarso;Buona;;0;0;0;4;12.4822;41.8039;-1;1;Autovettura privata;In marcia / fermata / arresto;Conducente;M;Illeso;0;;;
5229499;12;08/01/2021 20:50:00;Strada Urbana;VIA LAURENTINA;da specificare;;;;PROX ROTATORIA TOR PAGNOTTA;Tamponamento;Rotatoria;Due carreggiate;Asciutto;Asfaltata;Verticale ed orizzontale;Sereno;Scarso;Buona;;0;0;0;4;12.4822;41.8039;-1;1;Autovettura privata;In marcia / fermata / arresto;Passeggero;M;Illeso;0;;;
5229499;12;08/01/2021 20:50:00;Strada Urbana;VIA LAURENTINA;da specificare;;;;PROX ROTATORIA TOR PAGNOTTA;Tamponamento;Rotatoria;Due carreggiate;Asciutto;Asfaltata;Verticale ed orizzontale;Sereno;Scarso;Buona;;0;0;0;4;12.4822;41.8039;-1;1;Autovettura privata;In marcia / fermata / arresto;Passeggero;M;Illeso;0;;;
5229499;12;08/01/2021 20:50:00;Strada Urbana;VIA LAURENTINA;da specificare;;;;PROX ROTATORIA TOR PAGNOTTA;Tamponamento;Rotatoria;Due carreggiate;Asciutto;Asfaltata;Verticale ed orizzontale;Sereno;Scarso;Buona;;0;0;0;4;12.4822;41.8039;-1;2;Autovettura privata;In marcia / fermata / arresto;Conducente;M;Illeso;0;;;
5229503;10;10/01/2021 20:15:00;Strada Urbana;VIA ANAGNINA;da specificare;;;;tronchetto di collegamento con Via Tuscolana;Veicolo in marcia contro ostacolo accidentale;Curva senza visuale libera;Una carreggiata a senso unico di marcia;Bagnato (umidit� in atto);Con buche;Verticale;Nuvoloso;Scarso;Insufficiente;;0;0;0;2;12.5922;41.8392;-1;1;Autovettura privata;In marcia / fermata / arresto;Conducente;M;Illeso;0;;Non accertato;Inesploso
5229503;10;10/01/2021 20:15:00;Strada Urbana;VIA ANAGNINA;da specificare;;;;tronchetto di collegamento con Via Tuscolana;Veicolo in marcia contro ostacolo accidentale;Curva senza visuale libera;Una carreggiata a senso unico di marcia;Bagnato (umidit� in atto);Con buche;Verticale;Nuvoloso;Scarso;Insufficiente;;0;0;0;2;12.5922;41.8392;-1;1;Autovettura privata;In marcia / fermata / arresto;Passeggero;F;Illeso;0;;Non accertato;Inesploso
5229505;7;09/01/2021 12:50:00;Strada Urbana;VIALE PALMIRO TOGLIATTI;in corrispondenza;;del civico n.;590;;Tamponamento Multiplo;Rettilineo;Due carreggiate;Bagnato (pioggia);Asfaltata;Verticale ed orizzontale;Pioggia in atto;Scarso;Buona;;1;0;0;2;12.5721;41.8766;-1;1;Autovettura privata;In marcia / fermata / arresto;Conducente;F;Rimandato;0;NON DECEDUTO;Non accertato;Inesploso
5229505;7;09/01/2021 12:50:00;Strada Urbana;VIALE PALMIRO TOGLIATTI;in corrispondenza;;del civico n.;590;;Tamponamento Multiplo;Rettilineo;Due carreggiate;Bagnato (pioggia);Asfaltata;Verticale ed orizzontale;Pioggia in atto;Scarso;Buona;;1;0;0;2;12.5721;41.8766;-1;2;Autocarro inferiore 35 q.;In marcia / fermata / arresto;Conducente;M;Illeso;0;;Non accertato;Inesploso
5229505;7;09/01/2021 12:50:00;Strada Urbana;VIALE PALMIRO TOGLIATTI;in corrispondenza;;del civico n.;590;;Tamponamento Multiplo;Rettilineo;Due carreggiate;Bagnato (pioggia);Asfaltata;Verticale ed orizzontale;Pioggia in atto;Scarso;Buona;;1;0;0;2;12.5721;41.8766;-1;3;Autovettura privata;In marcia / fermata / arresto;Conducente;F;Illeso;0;;Non accertato;Inesploso
5229518;18;09/01/2021 07:14:00;Strada Urbana;VIA RISERVA DELLA TORRETTA;da specificare;;;;PROX VIA DELLA MAGLIANELLA;Veicolo in marcia contro ostacolo accidentale;Rettilineo;Una carreggiata a doppio senso;Asciutto;Asfaltata;Verticale ed orizzontale;Nuvoloso;Normale;Buona;;0;0;0;1;12.386;41.8872;-1;1;Autovettura privata;In marcia / fermata / arresto;Conducente;M;Illeso;0;;;
5229551;18;08/01/2021 20:30:00;Strada Urbana;PIAZZA PIO XI;in prossimit�;;del civico n.;78/C;;Tamponamento Multiplo;Rettilineo;Due carreggiate;Asciutto;Asfaltata;Verticale ed orizzontale;Sereno;Scarso;Buona;;0;0;0;6;12.4376;41.8952;-1;1;Motociclo a solo;In marcia / fermata / arresto;Conducente;M;Illeso;0;;;
5229551;18;08/01/2021 20:30:00;Strada Urbana;PIAZZA PIO XI;in prossimit�;;del civico n.;78/C;;Tamponamento Multiplo;Rettilineo;Due carreggiate;Asciutto;Asfaltata;Verticale ed orizzontale;Sereno;Scarso;Buona;;0;0;0;6;12.4376;41.8952;-1;2;Autovettura privata;In marcia / fermata / arresto;Conducente;M;Illeso;0;;;
5229551;18;08/01/2021 20:30:00;Strada Urbana;PIAZZA PIO XI;in prossimit�;;del civico n.;78/C;;Tamponamento Multiplo;Rettilineo;Due carreggiate;Asciutto;Asfaltata;Verticale ed orizzontale;Sereno;Scarso;Buona;;0;0;0;6;12.4376;41.8952;-1;2;Autovettura privata;In marcia / fermata / arresto;Passeggero;F;Illeso;0;;;
5229551;18;08/01/2021 20:30:00;Strada Urbana;PIAZZA PIO XI;in prossimit�;;del civico n.;78/C;;Tamponamento Multiplo;Rettilineo;Due carreggiate;Asciutto;Asfaltata;Verticale ed orizzontale;Sereno;Scarso;Buona;;0;0;0;6;12.4376;41.8952;-1;3;Autovettura privata;In marcia / fermata / arresto;Conducente;F;Illeso;0;;;
5229551;18;08/01/2021 20:30:00;Strada Urbana;PIAZZA PIO XI;in prossimit�;;del civico n.;78/C;;Tamponamento Multiplo;Rettilineo;Due carreggiate;Asciutto;Asfaltata;Verticale ed orizzontale;Sereno;Scarso;Buona;;0;0;0;6;12.4376;41.8952;-1;3;Autovettura privata;In marcia / fermata / arresto;Passeggero;F;Illeso;0;;;
5229551;18;08/01/2021 20:30:00;Strada Urbana;PIAZZA PIO XI;in prossimit�;;del civico n.;78/C;;Tamponamento Multiplo;Rettilineo;Due carreggiate;Asciutto;Asfaltata;Verticale ed orizzontale;Sereno;Scarso;Buona;;0;0;0;6;12.4376;41.8952;-1;3;Autovettura privata;In marcia / fermata / arresto;Passeggero;F;Illeso;0;;;
5229566;12;08/01/2021 18:15:00;Strada Urbana;VIALE DEI CADUTI PER LA RESISTENZA;in prossimit�;;del civico n.;699;;Tamponamento;Rettilineo;Una carreggiata a senso unico di marcia;Asciutto;Asfaltata;Assente;Sereno;Scarso;Buona;;0;0;0;3;12.441;41.7817;-1;1;Autovettura privata;In marcia / fermata / arresto;Conducente;M;Illeso;0;;Non accertato;
5229566;12;08/01/2021 18:15:00;Strada Urbana;VIALE DEI CADUTI PER LA RESISTENZA;in prossimit�;;del civico n.;699;;Tamponamento;Rettilineo;Una carreggiata a senso unico di marcia;Asciutto;Asfaltata;Assente;Sereno;Scarso;Buona;;0;0;0;3;12.441;41.7817;-1;1;Autovettura privata;In marcia / fermata / arresto;Passeggero;M;Illeso;0;;Non accertato;
5229566;12;08/01/2021 18:15:00;Strada Urbana;VIALE DEI CADUTI PER LA RESISTENZA;in prossimit�;;del civico n.;699;;Tamponamento;Rettilineo;Una carreggiata a senso unico di marcia;Asciutto;Asfaltata;Assente;Sereno;Scarso;Buona;;0;0;0;3;12.441;41.7817;-1;2;Autocaravan;In marcia / fermata / arresto;Conducente;M;Illeso;0;;;
5229581;7;10/01/2021 19:40:00;Strada Urbana;VIA DI CENTOCELLE;all'intersezione con;VIA SESTIO MENAS;VIA SESTIO MENAS;;;Tamponamento;Incrocio;Una carreggiata a doppio senso;Bagnato (pioggia);Asfaltata;Verticale ed orizzontale;Pioggia in atto;Normale;Buona;;0;0;0;3;12.5536;41.8657;-1;1;Autovettura privata;In marcia / fermata / arresto;Conducente;M;Illeso;0;;Non accertato;Inesploso
5229581;7;10/01/2021 19:40:00;Strada Urbana;VIA DI CENTOCELLE;all'intersezione con;VIA SESTIO MENAS;VIA SESTIO MENAS;;;Tamponamento;Incrocio;Una carreggiata a doppio senso;Bagnato (pioggia);Asfaltata;Verticale ed orizzontale;Pioggia in atto;Normale;Buona;;0;0;0;3;12.5536;41.8657;-1;2;Motociclo con passeggero;In marcia / fermata / arresto;Conducente;M;Illeso;0;;Non accertato;
5229581;7;10/01/2021 19:40:00;Strada Urbana;VIA DI CENTOCELLE;all'intersezione con;VIA SESTIO MENAS;VIA SESTIO MENAS;;;Tamponamento;Incrocio;Una carreggiata a doppio senso;Bagnato (pioggia);Asfaltata;Verticale ed orizzontale;Pioggia in atto;Normale;Buona;;0;0;0;3;12.5536;41.8657;-1;2;Motociclo con passeggero;In marcia / fermata / arresto;Passeggero;M;Illeso;0;;Non accertato;
5229600;3;07/01/2021 10:35:00;Strada Urbana;VIA TIBURTINA;da specificare;;;;dir.ne centro pross.t� Via della Lega Lombarda;Scontro laterale fra veicoli in marcia;Curva a visuale libera;Una carreggiata a senso unico di marcia;Asciutto;Asfaltata;Orizzontale;Nuvoloso;Normale;Buona;;0;0;0;4;12.5739;41.9257;-1;1;Autovettura privata;In marcia / fermata / arresto;Conducente;M;Illeso;0;;;
5229600;3;07/01/2021 10:35:00;Strada Urbana;VIA TIBURTINA;da specificare;;;;dir.ne centro pross.t� Via della Lega Lombarda;Scontro laterale fra veicoli in marcia;Curva a visuale libera;Una carreggiata a senso unico di marcia;Asciutto;Asfaltata;Orizzontale;Nuvoloso;Normale;Buona;;0;0;0;4;12.5739;41.9257;-1;1;Autovettura privata;In marcia / fermata / arresto;Passeggero;M;Illeso;0;;;
5229600;3;07/01/2021 10:35:00;Strada Urbana;VIA TIBURTINA;da specificare;;;;dir.ne centro pross.t� Via della Lega Lombarda;Scontro laterale fra veicoli in marcia;Curva a visuale libera;Una carreggiata a senso unico di marcia;Asciutto;Asfaltata;Orizzontale;Nuvoloso;Normale;Buona;;0;0;0;4;12.5739;41.9257;-1;1;Autovettura privata;In marcia / fermata / arresto;Passeggero;F;Illeso;0;;;
5229600;3;07/01/2021 10:35:00;Strada Urbana;VIA TIBURTINA;da specificare;;;;dir.ne centro pross.t� Via della Lega Lombarda;Scontro laterale fra veicoli in marcia;Curva a visuale libera;Una carreggiata a senso unico di marcia;Asciutto;Asfaltata;Orizzontale;Nuvoloso;Normale;Buona;;0;0;0;4;12.5739;41.9257;-1;2;Autovettura privata;In marcia / fermata / arresto;Conducente;F;Illeso;0;;;
5229647;12;08/01/2021 13:50:00;Strada Urbana;VIA LAURENTINA;in prossimit�;;del civico n.;741;;Scontro frontale/laterale SX fra veicoli in marcia;Rettilineo;Una carreggiata a senso unico di marcia;Asciutto;Asfaltata;Verticale ed orizzontale;Sereno;Intenso;Buona;;0;0;0;3;12.4861;41.8131;-1;1;Autovettura privata;In marcia / fermata / arresto;Conducente;F;Illeso;0;;;
5229647;12;08/01/2021 13:50:00;Strada Urbana;VIA LAURENTINA;in prossimit�;;del civico n.;741;;Scontro frontale/laterale SX fra veicoli in marcia;Rettilineo;Una carreggiata a senso unico di marcia;Asciutto;Asfaltata;Verticale ed orizzontale;Sereno;Intenso;Buona;;0;0;0;3;12.4861;41.8131;-1;1;Autovettura privata;In marcia / fermata / arresto;Passeggero;F;Illeso;0;;Utilizzato;Inesploso
5229647;12;08/01/2021 13:50:00;Strada Urbana;VIA LAURENTINA;in prossimit�;;del civico n.;741;;Scontro frontale/laterale SX fra veicoli in marcia;Rettilineo;Una carreggiata a senso unico di marcia;Asciutto;Asfaltata;Verticale ed orizzontale;Sereno;Intenso;Buona;;0;0;0;3;12.4861;41.8131;-1;2;Autocarro superiore 35 q.;In marcia / fermata / arresto;Conducente;M;Illeso;0;;;
5229654;3;07/01/2021 14:10:00;Strada Urbana;VIA FRANCESCO REDI;all'intersezione con;VIA MAURIZIO BUFALINI;VIA MAURIZIO BUFALINI;;;Investimento di pedone;Intersezione non regolata/non segnalata;Una carreggiata a senso unico di marcia;Bagnato (umidit� in atto);Asfaltata;Verticale ed orizzontale;Nuvoloso;Scarso;Buona;;0;0;0;2;12.5093;41.9128;-1;;;;Pedone;M;Illeso;0;;;
5229654;3;07/01/2021 14:10:00;Strada Urbana;VIA FRANCESCO REDI;all'intersezione con;VIA MAURIZIO BUFALINI;VIA MAURIZIO BUFALINI;;;Investimento di pedone;Intersezione non regolata/non segnalata;Una carreggiata a senso unico di marcia;Bagnato (umidit� in atto);Asfaltata;Verticale ed orizzontale;Nuvoloso;Scarso;Buona;;0;0;0;2;12.5093;41.9128;-1;1;Motociclo a solo;In marcia / fermata / arresto;Conducente;M;Illeso;0;;;
5229678;3;08/01/2021 11:45:00;Strada Urbana;PIAZZA DELLE CROCIATE;in prossimit�;;del civico n.;2;;Scontro laterale fra veicoli in marcia;Rettilineo;Una carreggiata a senso unico di marcia;Asciutto;Asfaltata;Verticale;Nuvoloso;Normale;Buona;;1;0;0;2;12.5259;41.9088;-1;1;Autovettura privata;In marcia / fermata / arresto;Conducente;M;Illeso;0;;;
5229678;3;08/01/2021 11:45:00;Strada Urbana;PIAZZA DELLE CROCIATE;in prossimit�;;del civico n.;2;;Scontro laterale fra veicoli in marcia;Rettilineo;Una carreggiata a senso unico di marcia;Asciutto;Asfaltata;Verticale;Nuvoloso;Normale;Buona;;1;0;0;2;12.5259;41.9088;-1;1;Autovettura privata;In marcia / fermata / arresto;Passeggero;M;Illeso;0;;;
5229678;3;08/01/2021 11:45:00;Strada Urbana;PIAZZA DELLE CROCIATE;in prossimit�;;del civico n.;2;;Scontro laterale fra veicoli in marcia;Rettilineo;Una carreggiata a senso unico di marcia;Asciutto;Asfaltata;Verticale;Nuvoloso;Normale;Buona;;1;0;0;2;12.5259;41.9088;-1;2;Motociclo a solo;In marcia / fermata / arresto;Conducente;M;Ricoverato;0;NON DECEDUTO;;
5229686;3;08/01/2021 07:40:00;Strada Urbana;PIAZZA DELLA CROCE ROSSA;da specificare;;;;pross.t� sottovia Ignazio Guidi;Veicolo in marcia contro ostacolo fisso;Rettilineo;Pi� di due carreggiate;Asciutto;Asfaltata;Verticale ed orizzontale;Nuvoloso;Normale;Sufficiente;;0;0;0;1;12.5044;41.9084;-1;1;Autovettura privata;In marcia / fermata / arresto;Conducente;M;Illeso;0;;;
5229701;3;09/01/2021 22:35:00;Strada Urbana;VIA LORENZO IL MAGNIFICO;all'intersezione con;VIA TEODORICO;VIA TEODORICO;;;Scontro frontale/laterale SX fra veicoli in marcia;Incrocio;Una carreggiata a doppio senso;Bagnato (umidit� in atto);Asfaltata;Verticale ed orizzontale;Sereno;Scarso;Sufficiente;;2;0;0;1;12.5251;41.9121;-1;1;Autovettura privata;In marcia / fermata / arresto;Conducente;M;Illeso;0;;Non accertato;Inesploso
5229701;3;09/01/2021 22:35:00;Strada Urbana;VIA LORENZO IL MAGNIFICO;all'intersezione con;VIA TEODORICO;VIA TEODORICO;;;Scontro frontale/laterale SX fra veicoli in marcia;Incrocio;Una carreggiata a doppio senso;Bagnato (umidit� in atto);Asfaltata;Verticale ed orizzontale;Sereno;Scarso;Sufficiente;;2;0;0;1;12.5251;41.9121;-1;2;Motociclo con passeggero;In marcia / fermata / arresto;Conducente;M;Rimandato;0;NON DECEDUTO;Non accertato;
5229701;3;09/01/2021 22:35:00;Strada Urbana;VIA LORENZO IL MAGNIFICO;all'intersezione con;VIA TEODORICO;VIA TEODORICO;;;Scontro frontale/laterale SX fra veicoli in marcia;Incrocio;Una carreggiata a doppio senso;Bagnato (umidit� in atto);Asfaltata;Verticale ed orizzontale;Sereno;Scarso;Sufficiente;;2;0;0;1;12.5251;41.9121;-1;2;Motociclo con passeggero;In marcia / fermata / arresto;Passeggero;F;Rimandato;0;NON DECEDUTO;Non accertato;
5229708;5;08/01/2021 09:30:00;Strada Urbana;VIA TIBURTINA;in corrispondenza;;del civico n.;1641;;Tamponamento;Rettilineo;Due carreggiate;Asciutto;Asfaltata;Orizzontale;Sereno;Normale;Buona;;0;0;0;2;12.6412;41.9416;-1;1;Autovettura privata;In marcia / fermata / arresto;Conducente;M;Illeso;0;;Non accertato;
5229708;5;08/01/2021 09:30:00;Strada Urbana;VIA TIBURTINA;in corrispondenza;;del civico n.;1641;;Tamponamento;Rettilineo;Due carreggiate;Asciutto;Asfaltata;Orizzontale;Sereno;Normale;Buona;;0;0;0;2;12.6412;41.9416;-1;2;Autovettura privata;In marcia / fermata / arresto;Conducente;M;Illeso;0;;Non accertato;
5229725;5;08/01/2021 11:15:00;Strada Urbana;VIA MONTEGIORGIO;all'intersezione con;VIA RECANATI;VIA RECANATI;;;Tamponamento;Incrocio;Una carreggiata a doppio senso;Asciutto;Asfaltata;Verticale ed orizzontale;Sereno;Normale;Buona;;1;0;0;1;12.587;41.9412;-1;1;Autovettura privata;In marcia / fermata / arresto;Conducente;M;Illeso;0;;;
5229725;5;08/01/2021 11:15:00;Strada Urbana;VIA MONTEGIORGIO;all'intersezione con;VIA RECANATI;VIA RECANATI;;;Tamponamento;Incrocio;Una carreggiata a doppio senso;Asciutto;Asfaltata;Verticale ed orizzontale;Sereno;Normale;Buona;;1;0;0;1;12.587;41.9412;-1;2;Motociclo a solo;In marcia / fermata / arresto;Conducente;M;Rimandato;0;NON DECEDUTO;;
5229747;5;08/01/2021 12:50:00;Provinciale;VIA DI MARCO SIMONE;in prossimit�;;del civico n.;251;;Veicolo in marcia contro ostacolo accidentale;Rettilineo;Una carreggiata a doppio senso;Asciutto;Strada pavimentata dissestata;Verticale ed orizzontale;Sereno;Normale;Buona;;0;0;0;1;12.6283;41.9567;-1;1;Autovettura privata;In marcia / fermata / arresto;Conducente;M;Illeso;0;;Non accertato;Inesploso
5229752;5;08/01/2021 16:00:00;Strada Urbana;VIA DI PIETRALATA;all'intersezione con;VIA RAMIRO FABIANI;VIA RAMIRO FABIANI;;;Scontro frontale/laterale DX fra veicoli in marcia;Incrocio;Una carreggiata a doppio senso;Asciutto;Strada pavimentata dissestata;Verticale;Sereno;Normale;Buona;;0;0;0;2;12.5516;41.9195;-1;1;Autovettura privata;In marcia / fermata / arresto;Conducente;M;Illeso;0;;Non accertato;
5229752;5;08/01/2021 16:00:00;Strada Urbana;VIA DI PIETRALATA;all'intersezione con;VIA RAMIRO FABIANI;VIA RAMIRO FABIANI;;;Scontro frontale/laterale DX fra veicoli in marcia;Incrocio;Una carreggiata a doppio senso;Asciutto;Strada pavimentata dissestata;Verticale;Sereno;Normale;Buona;;0;0;0;2;12.5516;41.9195;-1;2;Autovettura privata;In marcia / fermata / arresto;Conducente;M;Illeso;0;;Non accertato;
5229766;5;08/01/2021 20:45:00;Strada Urbana;VIA DI SALONE;da specificare;;;;PROSSIMITA' VIA DELLE CASE ROSSE (rotatoria);Scontro frontale/laterale SX fra veicoli in marcia;Rettilineo;Una carreggiata a doppio senso;Asciutto;Asfaltata;Verticale ed orizzontale;Sereno;Scarso;Insufficiente;;0;0;0;3;12.6301;41.9255;-1;1;Autovettura privata;In marcia / fermata / arresto;Conducente;M;Illeso;0;;Non accertato;Inesploso
5229766;5;08/01/2021 20:45:00;Strada Urbana;VIA DI SALONE;da specificare;;;;PROSSIMITA' VIA DELLE CASE ROSSE (rotatoria);Scontro frontale/laterale SX fra veicoli in marcia;Rettilineo;Una carreggiata a doppio senso;Asciutto;Asfaltata;Verticale ed orizzontale;Sereno;Scarso;Insufficiente;;0;0;0;3;12.6301;41.9255;-1;2;Autovettura privata;In marcia / fermata / arresto;Conducente;M;Illeso;0;;Non accertato;Inesploso
5229766;5;08/01/2021 20:45:00;Strada Urbana;VIA DI SALONE;da specificare;;;;PROSSIMITA' VIA DELLE CASE ROSSE (rotatoria);Scontro frontale/laterale SX fra veicoli in marcia;Rettilineo;Una carreggiata a doppio senso;Asciutto;Asfaltata;Verticale ed orizzontale;Sereno;Scarso;Insufficiente;;0;0;0;3;12.6301;41.9255;-1;2;Autovettura privata;In marcia / fermata / arresto;Passeggero;M;Illeso;0;;Non accertato;Inesploso
5229781;5;10/01/2021 11:00:00;Strada Urbana;NUOVA CIRCONVALLAZIONE INTERNA;da specificare;;;;500 MT DOPO BATTERIA NOMENTANA DIR. SAN GIOVANNI;Veicolo in marcia contro ostacolo fisso;Curva a visuale libera;Una carreggiata a senso unico di marcia;Asciutto;Asfaltata;Verticale ed orizzontale;Nuvoloso;Normale;Buona;;0;0;0;1;12.5276;41.9241;-1;1;Autovettura privata;In marcia / fermata / arresto;Conducente;M;Illeso;0;;Non accertato;Esploso