Protocollo;Gruppo;DataOraIncidente;Localizzazione1;STRADA1;Localizzazione2;STRADA2;Strada02;Chilometrica;DaSpecificare;NaturaIncidente;particolaritastrade;TipoStrada;FondoStradale;Pavimentazione;Segnaletica;CondizioneAtmosferica;Traffico;Visibilita;Illuminazione;NUM_FERITI;NUM_RISERVATA;NUM_MORTI;NUM_ILLESI;Longitudine;Latitudine;Confermato;Progressivo;TipoVeicolo;StatoVeicolo;TipoPersona;Sesso;Tipolesione;Deceduto;DecedutoDopo;CinturaCascoUtilizzato;Airbag;
5241741;4;18/01/2021 12:45:00;Strada Urbana;VIA RADICOFANI;in corrispondenza;;del civico n.;204;;Scontro frontale/laterale SX fra veicoli in marcia;Rettilineo;Una carreggiata a doppio senso;Asciutto;Asfaltata;Verticale;Sereno;Normale;Buona;;0;0;0;3;12.5149;41.9732;-1;1;Autovettura privata;In marcia / fermata / arresto;Conducente;F;Illeso;0;;;
5241741;4;18/01/2021 12:45:00;Strada Urbana;VIA RADICOFANI;in corrispondenza;;del civico n.;204;;Scontro frontale/laterale SX fra veicoli in marcia;Rettilineo;Una carreggiata a doppio senso;Asciutto;Asfaltata;Verticale;Sereno;Normale;Buona;;0;0;0;3;12.5149;41.9732;-1;1;Autovettura privata;In marcia / fermata / arresto;Passeggero;F;Illeso;0;;Non accertato;Inesploso
5241741;4;18/01/2021 12:45:00;Strada Urbana;VIA RADICOFANI;in corrispondenza;;del civico n.;204;;Scontro frontale/laterale SX fra veicoli in marcia;Rettilineo;Una carreggiata a doppio senso;Asciutto;Asfaltata;Verticale;Sereno;Normale;Buona;;0;0;0;3;12.5149;41.9732;-1;2;Autovettura privata;In marcia / fermata / arresto;Conducente;M;Illeso;0;;Non accertato;Inesploso
5241744;4;18/01/2021 11:15:00;Strada Urbana;VIA MONTAIONE;in prossimit�;;del civico n.;12;;Veicolo in marcia contro veicolo fermo;Curva senza visuale libera;Una carreggiata a senso unico di marcia;Asciutto;Asfaltata;Verticale;Sereno;Normale;Buona;;0;0;0;3;12.5149;41.9484;-1;1;Autovettura privata;In marcia / fermata / arresto;Conducente;F;Illeso;0;;Non accertato;Inesploso
5241744;4;18/01/2021 11:15:00;Strada Urbana;VIA MONTAIONE;in prossimit�;;del civico n.;12;;Veicolo in marcia contro veicolo fermo;Curva senza visuale libera;Una carreggiata a senso unico di marcia;Asciutto;Asfaltata;Verticale;Sereno;Normale;Buona;;0;0;0;3;12.5149;41.9484;-1;2;Autocarro inferiore 35 q.;In marcia / fermata / arresto;Conducente;M;Illeso;0;;Non accertato;Inesploso
5241744;4;18/01/2021 11:15:00;Strada Urbana;VIA MONTAIONE;in prossimit�;;del civico n.;12;;Veicolo in marcia contro veicolo fermo;Curva senza visuale libera;Una carreggiata a senso unico di marcia;Asciutto;Asfaltata;Verticale;Sereno;Normale;Buona;;0;0;0;3;12.5149;41.9484;-1;2;Autocarro inferiore 35 q.;In marcia / fermata / arresto;Passeggero;M;Illeso;0;;Non accertato;Inesploso
5241758;17;18/01/2021 17:55:00;Strada Urbana;VIALE DELLE MILIZIE;in prossimit�;;del civico n.;1G;;Veicolo in marcia contro veicolo in sosta;Rettilineo;Pi� di due carreggiate;Asciutto;Asfaltata;Verticale ed orizzontale;Sereno;Normale;Sufficiente;;0;0;0;1;12.467;41.9132;-1;1;Autovettura privata;In marcia / fermata / arresto;Conducente;F;Illeso;0;;;
5241758;17;18/01/2021 17:55:00;Strada Urbana;VIALE DELLE MILIZIE;in prossimit�;;del civico n.;1G;;Veicolo in marcia contro veicolo in sosta;Rettilineo;Pi� di due carreggiate;Asciutto;Asfaltata;Verticale ed orizzontale;Sereno;Normale;Sufficiente;;0;0;0;1;12.467;41.9132;-1;2;Autovettura privata;Sosta;;;;;;;
5241758;17;18/01/2021 17:55:00;Strada Urbana;VIALE DELLE MILIZIE;in prossimit�;;del civico n.;1G;;Veicolo in marcia contro veicolo in sosta;Rettilineo;Pi� di due carreggiate;Asciutto;Asfaltata;Verticale ed orizzontale;Sereno;Normale;Sufficiente;;0;0;0;1;12.467;41.9132;-1;3;Autovettura privata;Sosta;;;;;;;
5241758;17;18/01/2021 17:55:00;Strada Urbana;VIALE DELLE MILIZIE;in prossimit�;;del civico n.;1G;;Veicolo in marcia contro veicolo in sosta;Rettilineo;Pi� di due carreggiate;Asciutto;Asfaltata;Verticale ed orizzontale;Sereno;Normale;Sufficiente;;0;0;0;1;12.467;41.9132;-1;4;Autovettura privata;Sosta;;;;;;;
5241758;17;18/01/2021 17:55:00;Strada Urbana;VIALE DELLE MILIZIE;in prossimit�;;del civico n.;1G;;Veicolo in marcia contro veicolo in sosta;Rettilineo;Pi� di due carreggiate;Asciutto;Asfaltata;Verticale ed orizzontale;Sereno;Normale;Sufficiente;;0;0;0;1;12.467;41.9132;-1;5;Autovettura privata;Sosta;;;;;;;
5241758;17;18/01/2021 17:55:00;Strada Urbana;VIALE DELLE MILIZIE;in prossimit�;;del civico n.;1G;;Veicolo in marcia contro veicolo in sosta;Rettilineo;Pi� di due carreggiate;Asciutto;Asfaltata;Verticale ed orizzontale;Sereno;Normale;Sufficiente;;0;0;0;1;12.467;41.9132;-1;6;Autovettura privata;Sosta;;;;;;;
5241758;17;18/01/2021 17:55:00;Strada Urbana;VIALE DELLE MILIZIE;in prossimit�;;del civico n.;1G;;Veicolo in marcia contro veicolo in sosta;Rettilineo;Pi� di due carreggiate;Asciutto;Asfaltata;Verticale ed orizzontale;Sereno;Normale;Sufficiente;;0;0;0;1;12.467;41.9132;-1;7;Ciclomotore;Sosta;;;;;;;
5241764;3;18/01/2021 15:45:00;Strada Urbana;VIA DI VILLA PATRIZI;da specificare;;;;fronte civico 22;Scontro frontale/laterale DX fra veicoli in marcia;Rettilineo;Una carreggiata a senso unico di marcia;Asciutto;Asfaltata;Orizzontale;Sereno;Normale;Buona;;0;0;0;3;12.5083;41.9103;-1;1;Autovettura privata;In marcia / fermata / arresto;Conducente;M;Illeso;0;;Non accertato;
5241764;3;18/01/2021 15:45:00;Strada Urbana;VIA DI VILLA PATRIZI;da specificare;;;;fronte civico 22;Scontro frontale/laterale DX fra veicoli in marcia;Rettilineo;Una carreggiata a senso unico di marcia;Asciutto;Asfaltata;Orizzontale;Sereno;Normale;Buona;;0;0;0;3;12.5083;41.9103;-1;1;Autovettura privata;In marcia / fermata / arresto;Passeggero;M;Illeso;0;;Non accertato;
5241764;3;18/01/2021 15:45:00;Strada Urbana;VIA DI VILLA PATRIZI;da specificare;;;;fronte civico 22;Scontro frontale/laterale DX fra veicoli in marcia;Rettilineo;Una carreggiata a senso unico di marcia;Asciutto;Asfaltata;Orizzontale;Sereno;Normale;Buona;;0;0;0;3;12.5083;41.9103;-1;2;Autocarro inferiore 35 q.;In marcia / fermata / arresto;Conducente;M;Illeso;0;;Non accertato;
5241789;4;18/01/2021 14:55:00;Strada Urbana;VIALE TIRRENO;all'intersezione semaforizzata con;VIA VAL DI COGNE;VIA VAL DI COGNE;;;Tamponamento;Intersezione semaforizzata;Due carreggiate;Asciutto;Asfaltata;Verticale ed orizzontale;Sereno;Normale;Buona;;0;0;0;1;12.5286;41.941;-1;1;Autovettura privata;In marcia / fermata / arresto;Conducente;F;Illeso;0;;;
5241789;4;18/01/2021 14:55:00;Strada Urbana;VIALE TIRRENO;all'intersezione semaforizzata con;VIA VAL DI COGNE;VIA VAL DI COGNE;;;Tamponamento;Intersezione semaforizzata;Due carreggiate;Asciutto;Asfaltata;Verticale ed orizzontale;Sereno;Normale;Buona;;0;0;0;1;12.5286;41.941;-1;2;Autovettura privata;Allontanatosi;;;;;;;
5241804;3;18/01/2021 13:20:00;Strada Urbana;VIALE DELL'UNIVERSITA';da specificare;;;;n.civ.;Veicolo in marcia contro ostacolo fisso;Rettilineo;Una carreggiata a senso unico di marcia;Asciutto;Asfaltata;Verticale ed orizzontale;Sereno;Normale;Buona;;0;0;0;1;12.5118;41.9043;-1;1;Autovettura privata;In marcia / fermata / arresto;Conducente;F;Illeso;0;;Non accertato;Inesploso
5241810;3;18/01/2021 12:40:00;Strada Urbana;VIA NOMENTANA;in prossimit�;;del civico n.;54;;Scontro laterale fra veicoli in marcia;Rettilineo;Pi� di due carreggiate;Asciutto;Asfaltata;Verticale ed orizzontale;Sereno;Normale;Buona;;0;0;0;2;12.5072;41.9133;-1;1;Motociclo a solo;In marcia / fermata / arresto;Conducente;M;Illeso;0;;;
5241810;3;18/01/2021 12:40:00;Strada Urbana;VIA NOMENTANA;in prossimit�;;del civico n.;54;;Scontro laterale fra veicoli in marcia;Rettilineo;Pi� di due carreggiate;Asciutto;Asfaltata;Verticale ed orizzontale;Sereno;Normale;Buona;;0;0;0;2;12.5072;41.9133;-1;2;Autovettura privata;In marcia / fermata / arresto;Conducente;F;Illeso;0;;;
5241814;2;18/01/2021 12:35:00;Strada Urbana;VIALE ROMANIA;all'intersezione con;VIA NINO OXILIA;VIA NINO OXILIA;;;Scontro laterale fra veicoli in marcia;Incrocio;Una carreggiata a doppio senso;Asciutto;Asfaltata;Verticale ed orizzontale;Sereno;Scarso;Buona;;0;0;0;2;12.4934;41.9262;-1;1;Autovettura privata;In marcia / fermata / arresto;Conducente;F;Illeso;0;;;
5241814;2;18/01/2021 12:35:00;Strada Urbana;VIALE ROMANIA;all'intersezione con;VIA NINO OXILIA;VIA NINO OXILIA;;;Scontro laterale fra veicoli in marcia;Incrocio;Una carreggiata a doppio senso;Asciutto;Asfaltata;Verticale ed orizzontale;Sereno;Scarso;Buona;;0;0;0;2;12.4934;41.9262;-1;2;Motociclo a solo;In marcia / fermata / arresto;Conducente;M;Illeso;0;;;
5241864;3;18/01/2021 10:00:00;Strada Urbana;VIA GIOVANNI BATTISTA DE ROSSI;all'intersezione con;VIA DI VILLA RICOTTI;VIA DI VILLA RICOTTI;;;Veicolo in marcia contro veicoli in sosta;Passaggio a livello (incustodito);Una carreggiata a senso unico di marcia;Asciutto;Asfaltata;Verticale ed orizzontale;Sereno;Normale;Buona;;0;0;0;1;12.5172;41.9164;-1;1;Autovettura privata;In marcia / fermata / arresto;Conducente;F;Illeso;0;;;
5241864;3;18/01/2021 10:00:00;Strada Urbana;VIA GIOVANNI BATTISTA DE ROSSI;all'intersezione con;VIA DI VILLA RICOTTI;VIA DI VILLA RICOTTI;;;Veicolo in marcia contro veicoli in sosta;Passaggio a livello (incustodito);Una carreggiata a senso unico di marcia;Asciutto;Asfaltata;Verticale ed orizzontale;Sereno;Normale;Buona;;0;0;0;1;12.5172;41.9164;-1;2;Autovettura privata;Sosta;;;;;;;
5241864;3;18/01/2021 10:00:00;Strada Urbana;VIA GIOVANNI BATTISTA DE ROSSI;all'intersezione con;VIA DI VILLA RICOTTI;VIA DI VILLA RICOTTI;;;Veicolo in marcia contro veicoli in sosta;Passaggio a livello (incustodito);Una carreggiata a senso unico di marcia;Asciutto;Asfaltata;Verticale ed orizzontale;Sereno;Normale;Buona;;0;0;0;1;12.5172;41.9164;-1;3;Autovettura privata;Sosta;;;;;;;
5241864;3;18/01/2021 10:00:00;Strada Urbana;VIA GIOVANNI BATTISTA DE ROSSI;all'intersezione con;VIA DI VILLA RICOTTI;VIA DI VILLA RICOTTI;;;Veicolo in marcia contro veicoli in sosta;Passaggio a livello (incustodito);Una carreggiata a senso unico di marcia;Asciutto;Asfaltata;Verticale ed orizzontale;Sereno;Normale;Buona;;0;0;0;1;12.5172;41.9164;-1;4;Autovettura privata;Sosta;;;;;;;
5241902;6;18/01/2021 13:00:00;Strada Urbana;VIA DEI CASTANI;in corrispondenza;;del civico n.;183;;Veicolo in marcia contro veicolo in sosta;Rettilineo;Una carreggiata a doppio senso;Asciutto;Asfaltata;Verticale ed orizzontale;Sereno;Normale;Buona;;0;0;0;1;12.5668;41.8844;-1;1;Autovettura privata;In marcia / fermata / arresto;Conducente;F;Illeso;0;;;
5241902;6;18/01/2021 13:00:00;Strada Urbana;VIA DEI CASTANI;in corrispondenza;;del civico n.;183;;Veicolo in marcia contro veicolo in sosta;Rettilineo;Una carreggiata a doppio senso;Asciutto;Asfaltata;Verticale ed orizzontale;Sereno;Normale;Buona;;0;0;0;1;12.5668;41.8844;-1;2;Autovettura privata;Sosta;;;;;;;
5241912;4;18/01/2021 14:30:00;Strada Urbana;VIA VIRGILIO TALLI;all'intersezione con;LARGO RINA MORELLI;LARGO RINA MORELLI;;;Veicolo in marcia contro ostacolo fisso;Intersezione stradale segnalata;Una carreggiata a doppio senso;Asciutto;Asfaltata;Verticale ed orizzontale;Sereno;Normale;Buona;;0;0;0;1;12.5213;41.9649;-1;1;Veicolo speciale;In marcia / fermata / arresto;Conducente;M;Illeso;0;;Non accertato;Inesploso
5241912;4;18/01/2021 14:30:00;Strada Urbana;VIA VIRGILIO TALLI;all'intersezione con;LARGO RINA MORELLI;LARGO RINA MORELLI;;;Veicolo in marcia contro ostacolo fisso;Intersezione stradale segnalata;Una carreggiata a doppio senso;Asciutto;Asfaltata;Verticale ed orizzontale;Sereno;Normale;Buona;;0;0;0;1;12.5213;41.9649;-1;2;Autovettura privata;Sosta;;;;;;;
5241936;2;18/01/2021 13:30:00;Strada Urbana;VIA DI VILLA S. FILIPPO;in prossimit�;;del civico n.;20;;Tamponamento;Rettilineo;Una carreggiata a senso unico di marcia;Asciutto;Asfaltata;Verticale ed orizzontale;Sereno;Normale;Buona;;0;0;0;2;12.4926;41.9273;-1;1;Motociclo a solo;In marcia / fermata / arresto;Conducente;M;Illeso;0;;Non accertato;
5241936;2;18/01/2021 13:30:00;Strada Urbana;VIA DI VILLA S. FILIPPO;in prossimit�;;del civico n.;20;;Tamponamento;Rettilineo;Una carreggiata a senso unico di marcia;Asciutto;Asfaltata;Verticale ed orizzontale;Sereno;Normale;Buona;;0;0;0;2;12.4926;41.9273;-1;2;Autovettura privata;In marcia / fermata / arresto;Conducente;F;Illeso;0;;Non accertato;Inesploso
5241946;1;15/01/2021 10:00:00;Strada Urbana;PIAZZALE NUMA POMPILIO;all'intersezione semaforizzata con;VIALE DELLE TERME DI CARACALLA;VIALE DELLE TERME DI CARACALLA;;;Tamponamento;Intersezione semaforizzata;Pi� di due carreggiate;Asciutto;Asfaltata;Verticale ed orizzontale;Nuvoloso;Normale;Buona;;0;0;0;2;12.4957;41.8796;-1;1;Autovettura privata;In marcia / fermata / arresto;Conducente;M;Illeso;0;;;
5241946;1;15/01/2021 10:00:00;Strada Urbana;PIAZZALE NUMA POMPILIO;all'intersezione semaforizzata con;VIALE DELLE TERME DI CARACALLA;VIALE DELLE TERME DI CARACALLA;;;Tamponamento;Intersezione semaforizzata;Pi� di due carreggiate;Asciutto;Asfaltata;Verticale ed orizzontale;Nuvoloso;Normale;Buona;;0;0;0;2;12.4957;41.8796;-1;2;Autovettura privata;In marcia / fermata / arresto;Conducente;M;Illeso;0;;;
5241949;12;18/01/2021 16:40:00;Strada Urbana;VIALE DELL'OCEANO PACIFICO;all'intersezione con;VIA THAILANDIA;VIA THAILANDIA;;;Scontro laterale fra veicoli in marcia;Incrocio;Pi� di due carreggiate;Asciutto;Asfaltata;Verticale ed orizzontale;Sereno;Normale;Buona;;0;0;0;2;12.4575;41.8239;-1;1;Autovettura privata;In marcia / fermata / arresto;Conducente;M;Illeso;0;;;
5241949;12;18/01/2021 16:40:00;Strada Urbana;VIALE DELL'OCEANO PACIFICO;all'intersezione con;VIA THAILANDIA;VIA THAILANDIA;;;Scontro laterale fra veicoli in marcia;Incrocio;Pi� di due carreggiate;Asciutto;Asfaltata;Verticale ed orizzontale;Sereno;Normale;Buona;;0;0;0;2;12.4575;41.8239;-1;2;Autovettura privata;In marcia / fermata / arresto;Conducente;M;Illeso;0;;;
5241970;15;19/01/2021 08:20:00;Strada Urbana;VIA DEL TRULLO;in corrispondenza;;del civico n.;326;;Scontro frontale fra veicoli in marcia;Rettilineo;Due carreggiate;Asciutto;Asfaltata;Verticale ed orizzontale;Sereno;Normale;Buona;;0;0;0;3;12.4365;41.8431;-1;1;Autocarro inferiore 35 q.;In marcia / fermata / arresto;Conducente;M;Illeso;0;;Non accertato;Inesploso
5241970;15;19/01/2021 08:20:00;Strada Urbana;VIA DEL TRULLO;in corrispondenza;;del civico n.;326;;Scontro frontale fra veicoli in marcia;Rettilineo;Due carreggiate;Asciutto;Asfaltata;Verticale ed orizzontale;Sereno;Normale;Buona;;0;0;0;3;12.4365;41.8431;-1;1;Autocarro inferiore 35 q.;In marcia / fermata / arresto;Passeggero;M;Illeso;0;;Non accertato;Inesploso
5241970;15;19/01/2021 08:20:00;Strada Urbana;VIA DEL TRULLO;in corrispondenza;;del civico n.;326;;Scontro frontale fra veicoli in marcia;Rettilineo;Due carreggiate;Asciutto;Asfaltata;Verticale ed orizzontale;Sereno;Normale;Buona;;0;0;0;3;12.4365;41.8431;-1;2;Autovettura privata;In marcia / fermata / arresto;Conducente;F;Illeso;0;;Non accertato;Inesploso
5241999;17;19/01/2021 08:20:00;Strada Urbana;LUNGOTEVERE DELLA VITTORIA;in prossimit�;;del civico n.;5;;Veicolo in marcia contro veicolo arresto;Rettilineo;Una carreggiata a doppio senso;Asciutto;Asfaltata;Verticale ed orizzontale;Sereno;Normale;Buona;;0;0;0;2;12.4654;41.9214;-1;1;Motociclo a solo;In marcia / fermata / arresto;Conducente;M;Illeso;0;;;
5241999;17;19/01/2021 08:20:00;Strada Urbana;LUNGOTEVERE DELLA VITTORIA;in prossimit�;;del civico n.;5;;Veicolo in marcia contro veicolo arresto;Rettilineo;Una carreggiata a doppio senso;Asciutto;Asfaltata;Verticale ed orizzontale;Sereno;Normale;Buona;;0;0;0;2;12.4654;41.9214;-1;2;Autovettura privata;In marcia / fermata / arresto;Conducente;F;Illeso;0;;;
5242053;9;19/01/2021 10:00:00;Strada Urbana;VIA TARQUINIO PRISCO;in corrispondenza;;del civico n.;57;;Veicolo in marcia contro veicolo in sosta;Rettilineo;Una carreggiata a senso unico di marcia;Asciutto;Asfaltata;Verticale ed orizzontale;Sereno;Normale;Buona;;0;0;0;0;12.5238;41.8772;-1;1;Veicolo ignoto perch� FUGA;Allontanatosi;;;;;;;
5242053;9;19/01/2021 10:00:00;Strada Urbana;VIA TARQUINIO PRISCO;in corrispondenza;;del civico n.;57;;Veicolo in marcia contro veicolo in sosta;Rettilineo;Una carreggiata a senso unico di marcia;Asciutto;Asfaltata;Verticale ed orizzontale;Sereno;Normale;Buona;;0;0;0;0;12.5238;41.8772;-1;2;Autovettura privata;Sosta;;;;;;;
5242195;18;19/01/2021 09:00:00;Strada Urbana;VIA AURELIA;da specificare;;;;pross. km 9.600 dir. GRA;Tamponamento;Rettilineo;Due carreggiate;Asciutto;Asfaltata;Verticale ed orizzontale;Sereno;Normale;Buona;;0;0;0;4;12.3847;41.8861;-1;1;Autovettura privata;In marcia / fermata / arresto;Conducente;M;Illeso;0;;;
5242195;18;19/01/2021 09:00:00;Strada Urbana;VIA AURELIA;da specificare;;;;pross. km 9.600 dir. GRA;Tamponamento;Rettilineo;Due carreggiate;Asciutto;Asfaltata;Verticale ed orizzontale;Sereno;Normale;Buona;;0;0;0;4;12.3847;41.8861;-1;1;Autovettura privata;In marcia / fermata / arresto;Passeggero;F;Illeso;0;;;
5242195;18;19/01/2021 09:00:00;Strada Urbana;VIA AURELIA;da specificare;;;;pross. km 9.600 dir. GRA;Tamponamento;Rettilineo;Due carreggiate;Asciutto;Asfaltata;Verticale ed orizzontale;Sereno;Normale;Buona;;0;0;0;4;12.3847;41.8861;-1;1;Autovettura privata;In marcia / fermata / arresto;Passeggero;F;Illeso;0;;;
5242195;18;19/01/2021 09:00:00;Strada Urbana;VIA AURELIA;da specificare;;;;pross. km 9.600 dir. GRA;Tamponamento;Rettilineo;Due carreggiate;Asciutto;Asfaltata;Verticale ed orizzontale;Sereno;Normale;Buona;;0;0;0;4;12.3847;41.8861;-1;2;Autovettura privata;In marcia / fermata / arresto;Conducente;M;Illeso;0;;;
5242414;16;18/01/2021 19:45:00;Strada Urbana;PIAZZA S. GIOVANNI DI DIO;da specificare;;;;FRONTE CIVICO 9;Tamponamento;Rettilineo;Pi� di due carreggiate;Asciutto;Asfaltata;Verticale ed orizzontale;Sereno;Normale;Buona;;1;0;0;1;12.448;41.8747;-1;1;Motociclo a solo;In marcia / fermata / arresto;Conducente;M;Rimandato;0;NON DECEDUTO;Non accertato;
5242414;16;18/01/2021 19:45:00;Strada Urbana;PIAZZA S. GIOVANNI DI DIO;da specificare;;;;FRONTE CIVICO 9;Tamponamento;Rettilineo;Pi� di due carreggiate;Asciutto;Asfaltata;Verticale ed orizzontale;Sereno;Normale;Buona;;1;0;0;1;12.448;41.8747;-1;2;Motociclo a solo;In marcia / fermata / arresto;Conducente;M;Illeso;0;;Non accertato;
5242480;18;19/01/2021 13:30:00;Strada Urbana;VIA DELLE FORNACI;in corrispondenza;;del civico n.;21;;Tamponamento;Rettilineo;Una carreggiata a senso unico di marcia;Asciutto;Asfaltata;Verticale ed orizzontale;Sereno;Normale;Buona;;0;0;0;2;12.4563;41.8995;-1;1;Autovettura privata;In marcia / fermata / arresto;Conducente;M;Illeso;0;;Non accertato;Inesploso
5242480;18;19/01/2021 13:30:00;Strada Urbana;VIA DELLE FORNACI;in corrispondenza;;del civico n.;21;;Tamponamento;Rettilineo;Una carreggiata a senso unico di marcia;Asciutto;Asfaltata;Verticale ed orizzontale;Sereno;Normale;Buona;;0;0;0;2;12.4563;41.8995;-1;1;Autovettura privata;In marcia / fermata / arresto;Passeggero;M;Illeso;0;;Non accertato;Inesploso
5242480;18;19/01/2021 13:30:00;Strada Urbana;VIA DELLE FORNACI;in corrispondenza;;del civico n.;21;;Tamponamento;Rettilineo;Una carreggiata a senso unico di marcia;Asciutto;Asfaltata;Verticale ed orizzontale;Sereno;Normale;Buona;;0;0;0;2;12.4563;41.8995;-1;2;Motociclo a solo;Allontanatosi;;;;;;;
5242512;12;19/01/2021 11:25:00;Strada Urbana;VIA CATERINA TROIANI;in prossimit�;;del civico n.;103;;Scontro frontale/laterale SX fra veicoli in marcia;Rettilineo;Una carreggiata a doppio senso;Asciutto;Asfaltata;Verticale ed orizzontale;Sereno;Scarso;Buona;;0;0;0;3;12.4475;41.8111;-1;1;Autovettura privata;In marcia / fermata / arresto;Conducente;M;Illeso;0;;Non accertato;Inesploso
5242512;12;19/01/2021 11:25:00;Strada Urbana;VIA CATERINA TROIANI;in prossimit�;;del civico n.;103;;Scontro frontale/laterale SX fra veicoli in marcia;Rettilineo;Una carreggiata a doppio senso;Asciutto;Asfaltata;Verticale ed orizzontale;Sereno;Scarso;Buona;;0;0;0;3;12.4475;41.8111;-1;1;Autovettura privata;In marcia / fermata / arresto;Passeggero;F;Illeso;0;;Non accertato;Inesploso
5242512;12;19/01/2021 11:25:00;Strada Urbana;VIA CATERINA TROIANI;in prossimit�;;del civico n.;103;;Scontro frontale/laterale SX fra veicoli in marcia;Rettilineo;Una carreggiata a doppio senso;Asciutto;Asfaltata;Verticale ed orizzontale;Sereno;Scarso;Buona;;0;0;0;3;12.4475;41.8111;-1;2;Autocarro inferiore 35 q.;In marcia / fermata / arresto;Conducente;M;Illeso;0;;Non accertato;Inesploso
5242558;12;19/01/2021 14:00:00;Strada Urbana;VIA LAURENTINA;da specificare;;;;ROTATORIA TOR PAGNOTTA;Scontro laterale fra veicoli in marcia;Rotatoria;Una carreggiata a senso unico di marcia;Asciutto;Asfaltata;Verticale ed orizzontale;Sereno;Normale;Buona;;0;0;0;2;12.482;41.8036;-1;1;Autovettura privata;In marcia / fermata / arresto;Conducente;F;Illeso;0;;Utilizzato;Inesploso
5242558;12;19/01/2021 14:00:00;Strada Urbana;VIA LAURENTINA;da specificare;;;;ROTATORIA TOR PAGNOTTA;Scontro laterale fra veicoli in marcia;Rotatoria;Una carreggiata a senso unico di marcia;Asciutto;Asfaltata;Verticale ed orizzontale;Sereno;Normale;Buona;;0;0;0;2;12.482;41.8036;-1;2;Autovettura privata;In marcia / fermata / arresto;Conducente;M;Illeso;0;;Utilizzato;Inesploso
5242680;16;19/01/2021 08:20:00;Strada Urbana;VIA DUCHESSA DI GALLIERA;all'intersezione con;VIA DI VAL TELLINA;VIA DI VAL TELLINA;;;Veicolo in marcia contro veicolo in sosta;Intersezione non regolata/non segnalata;Una carreggiata a doppio senso;Asciutto;Asfaltata;Orizzontale;Sereno;Normale;Buona;;0;0;0;1;12.4484;41.8694;-1;1;Autovettura privata;In marcia / fermata / arresto;Conducente;F;Illeso;0;;Non accertato;Inesploso
5242680;16;19/01/2021 08:20:00;Strada Urbana;VIA DUCHESSA DI GALLIERA;all'intersezione con;VIA DI VAL TELLINA;VIA DI VAL TELLINA;;;Veicolo in marcia contro veicolo in sosta;Intersezione non regolata/non segnalata;Una carreggiata a doppio senso;Asciutto;Asfaltata;Orizzontale;Sereno;Normale;Buona;;0;0;0;1;12.4484;41.8694;-1;2;Autocarro inferiore 35 q.;Sosta;;;;;;;
5242686;20;16/01/2021 20:00:00;Regionale entro l'abitato;VIA CASSIA;in prossimit�;;del civico n.;1165;;Investimento di pedone;Rettilineo;Una carreggiata a doppio senso;Asciutto;Asfaltata;Verticale ed orizzontale;Sereno;Normale;Sufficiente;;1;0;0;0;;;0;;;;Pedone;M;Rimandato;0;NON DECEDUTO;;
5242686;20;16/01/2021 20:00:00;Regionale entro l'abitato;VIA CASSIA;in prossimit�;;del civico n.;1165;;Investimento di pedone;Rettilineo;Una carreggiata a doppio senso;Asciutto;Asfaltata;Verticale ed orizzontale;Sereno;Normale;Sufficiente;;1;0;0;0;;;0;1;Autovettura privata;Allontanatosi;;;;;;;
5242722;4;19/01/2021 07:15:00;Strada Urbana;PIAZZA FILATTIERA;all'intersezione semaforizzata con;VIA AGLIANA;VIA AGLIANA;;;Investimento di pedone;Intersezione semaforizzata;Una carreggiata a doppio senso;Asciutto;Asfaltata;Verticale ed orizzontale;Sereno;Normale;Buona;;1;0;0;1;12.5171;41.9574;-1;;;;Pedone;F;Rimandato;0;NON DECEDUTO;;
5242722;4;19/01/2021 07:15:00;Strada Urbana;PIAZZA FILATTIERA;all'intersezione semaforizzata con;VIA AGLIANA;VIA AGLIANA;;;Investimento di pedone;Intersezione semaforizzata;Una carreggiata a doppio senso;Asciutto;Asfaltata;Verticale ed orizzontale;Sereno;Normale;Buona;;1;0;0;1;12.5171;41.9574;-1;1;Autovettura privata;In marcia / fermata / arresto;Conducente;F;Illeso;0;;Non accertato;Inesploso
5242738;16;19/01/2021 09:40:00;Strada Urbana;VIALE ISACCO NEWTON;da specificare;;;;corrispondenza fronte civico 42;Scontro laterale fra veicoli in marcia;Rettilineo;Due carreggiate;Asciutto;Asfaltata;Orizzontale;Sereno;Normale;Buona;;0;0;0;2;12.441;41.858;-1;1;Autovettura privata;In marcia / fermata / arresto;Conducente;M;Illeso;0;;Non accertato;
5242738;16;19/01/2021 09:40:00;Strada Urbana;VIALE ISACCO NEWTON;da specificare;;;;corrispondenza fronte civico 42;Scontro laterale fra veicoli in marcia;Rettilineo;Due carreggiate;Asciutto;Asfaltata;Orizzontale;Sereno;Normale;Buona;;0;0;0;2;12.441;41.858;-1;2;Autovettura privata;In marcia / fermata / arresto;Conducente;F;Illeso;0;;Non accertato;
5242797;18;13/01/2021 17:20:00;Strada Urbana;VIA DI VALLE AURELIA;da specificare;;;;prossimit� uscita parcheggio Aura;Investimento di pedone;Rettilineo;Una carreggiata a doppio senso;Asciutto;Asfaltata;Verticale ed orizzontale;Sereno;Scarso;Buona;;1;0;0;2;12.4399;41.9029;-1;;;;Pedone;M;Rimandato;0;NON DECEDUTO;;
5242797;18;13/01/2021 17:20:00;Strada Urbana;VIA DI VALLE AURELIA;da specificare;;;;prossimit� uscita parcheggio Aura;Investimento di pedone;Rettilineo;Una carreggiata a doppio senso;Asciutto;Asfaltata;Verticale ed orizzontale;Sereno;Scarso;Buona;;1;0;0;2;12.4399;41.9029;-1;1;Autovettura privata;In marcia / fermata / arresto;Conducente;M;Illeso;0;;Non accertato;Inesploso