Protocollo;Gruppo;DataOraIncidente;Localizzazione1;STRADA1;Localizzazione2;STRADA2;Strada02;Chilometrica;DaSpecificare;NaturaIncidente;particolaritastrade;TipoStrada;FondoStradale;Pavimentazione;Segnaletica;CondizioneAtmosferica;Traffico;Visibilita;Illuminazione;NUM_FERITI;NUM_RISERVATA;NUM_MORTI;NUM_ILLESI;Longitudine;Latitudine;Confermato;Progressivo;TipoVeicolo;StatoVeicolo;TipoPersona;Sesso;Tipolesione;Deceduto;DecedutoDopo;CinturaCascoUtilizzato;Airbag;
5251861;13;25/01/2021 17:30:00;;VIA DI MACCHIA SAPONARA;all'intersezione con;VIA EURIPIDE;VIA EURIPIDE;;;Scontro frontale/laterale DX fra veicoli in marcia;;;;;;;;;;0;0;0;2;;;0;2;Quadriciclo;In marcia / fermata / arresto;Conducente;M;Illeso;0;;;
5251865;20;25/01/2021 18:10:00;Strada Urbana;VIALE DI TOR DI QUINTO;da specificare;;;;fronte civ. 35 direzione centro;Scontro frontale/laterale DX fra veicoli in marcia;Rettilineo;Una carreggiata a doppio senso;Bagnato (pioggia);Asfaltata;Verticale ed orizzontale;Pioggia in atto;Normale;Buona;;1;0;0;1;12.4811;41.9383;-1;1;Autovettura privata;In marcia / fermata / arresto;Conducente;M;Rimandato;0;NON DECEDUTO;Non accertato;
5251865;20;25/01/2021 18:10:00;Strada Urbana;VIALE DI TOR DI QUINTO;da specificare;;;;fronte civ. 35 direzione centro;Scontro frontale/laterale DX fra veicoli in marcia;Rettilineo;Una carreggiata a doppio senso;Bagnato (pioggia);Asfaltata;Verticale ed orizzontale;Pioggia in atto;Normale;Buona;;1;0;0;1;12.4811;41.9383;-1;2;Autovettura privata;In marcia / fermata / arresto;Conducente;M;Illeso;0;;;
5251874;9;25/01/2021 19:30:00;Strada Urbana;VIA APPIA NUOVA;in prossimit�;;del civico n.;520;;Investimento di pedone;Rettilineo;Una carreggiata a senso unico di marcia;Bagnato (pioggia);Asfaltata;Orizzontale;Pioggia in atto;Normale;Sufficiente;;1;0;0;1;12.5245;41.8732;-1;;;;Pedone;F;Rimandato;0;NON DECEDUTO;;
5251874;9;25/01/2021 19:30:00;Strada Urbana;VIA APPIA NUOVA;in prossimit�;;del civico n.;520;;Investimento di pedone;Rettilineo;Una carreggiata a senso unico di marcia;Bagnato (pioggia);Asfaltata;Orizzontale;Pioggia in atto;Normale;Sufficiente;;1;0;0;1;12.5245;41.8732;-1;1;Motociclo a solo;In marcia / fermata / arresto;Conducente;M;Illeso;0;;Non accertato;
5251876;6;25/01/2021 18:30:00;Strada Urbana;VIA DELLA MARRANELLA;all'intersezione con;VIA VISCONTE MAGGIOLO;VIA VISCONTE MAGGIOLO;;;Scontro frontale/laterale SX fra veicoli in marcia;Incrocio;Una carreggiata a senso unico di marcia;Bagnato (pioggia);Asfaltata;Verticale ed orizzontale;Nuvoloso;Normale;Sufficiente;;0;0;0;3;12.5423;41.8833;-1;1;Autovettura privata;In marcia / fermata / arresto;Conducente;M;Illeso;0;;;
5251876;6;25/01/2021 18:30:00;Strada Urbana;VIA DELLA MARRANELLA;all'intersezione con;VIA VISCONTE MAGGIOLO;VIA VISCONTE MAGGIOLO;;;Scontro frontale/laterale SX fra veicoli in marcia;Incrocio;Una carreggiata a senso unico di marcia;Bagnato (pioggia);Asfaltata;Verticale ed orizzontale;Nuvoloso;Normale;Sufficiente;;0;0;0;3;12.5423;41.8833;-1;1;Autovettura privata;In marcia / fermata / arresto;Passeggero;F;Illeso;0;;Non accertato;Inesploso
5251876;6;25/01/2021 18:30:00;Strada Urbana;VIA DELLA MARRANELLA;all'intersezione con;VIA VISCONTE MAGGIOLO;VIA VISCONTE MAGGIOLO;;;Scontro frontale/laterale SX fra veicoli in marcia;Incrocio;Una carreggiata a senso unico di marcia;Bagnato (pioggia);Asfaltata;Verticale ed orizzontale;Nuvoloso;Normale;Sufficiente;;0;0;0;3;12.5423;41.8833;-1;2;Autovettura privata;In marcia / fermata / arresto;Conducente;M;Illeso;0;;;
5251876;6;25/01/2021 18:30:00;Strada Urbana;VIA DELLA MARRANELLA;all'intersezione con;VIA VISCONTE MAGGIOLO;VIA VISCONTE MAGGIOLO;;;Scontro frontale/laterale SX fra veicoli in marcia;Incrocio;Una carreggiata a senso unico di marcia;Bagnato (pioggia);Asfaltata;Verticale ed orizzontale;Nuvoloso;Normale;Sufficiente;;0;0;0;3;12.5423;41.8833;-1;3;Autovettura privata;Sosta;;;;;;;
5251879;10;25/01/2021 20:10:00;Strada Urbana;VIA APPIA NUOVA;all'intersezione semaforizzata con;VIA AL QUARTO MIGLIO;VIA AL QUARTO MIGLIO;;;Scontro frontale/laterale SX fra veicoli in marcia;Intersezione semaforizzata;Due carreggiate;Bagnato (pioggia);Asfaltata;Verticale ed orizzontale;Pioggia in atto;Scarso;Sufficiente;;0;0;0;2;12.5515;41.8446;-1;1;Autovettura privata;In marcia / fermata / arresto;Conducente;F;Illeso;0;;Non accertato;Inesploso
5251879;10;25/01/2021 20:10:00;Strada Urbana;VIA APPIA NUOVA;all'intersezione semaforizzata con;VIA AL QUARTO MIGLIO;VIA AL QUARTO MIGLIO;;;Scontro frontale/laterale SX fra veicoli in marcia;Intersezione semaforizzata;Due carreggiate;Bagnato (pioggia);Asfaltata;Verticale ed orizzontale;Pioggia in atto;Scarso;Sufficiente;;0;0;0;2;12.5515;41.8446;-1;2;Autoambulanza;In marcia / fermata / arresto;Conducente;M;Illeso;0;;Non accertato;Inesploso
5251891;20;25/01/2021 11:45:00;Strada Urbana;VIA FLAMINIA NUOVA;da specificare;;;;fronte civ. 260;Veicolo in marcia contro veicolo in sosta;Rettilineo;Una carreggiata a senso unico di marcia;Asciutto;Asfaltata;Verticale ed orizzontale;Sereno;Normale;Buona;;0;0;0;0;12.4792;41.9609;-1;1;Autovettura privata;Allontanatosi;;;;;;;
5251891;20;25/01/2021 11:45:00;Strada Urbana;VIA FLAMINIA NUOVA;da specificare;;;;fronte civ. 260;Veicolo in marcia contro veicolo in sosta;Rettilineo;Una carreggiata a senso unico di marcia;Asciutto;Asfaltata;Verticale ed orizzontale;Sereno;Normale;Buona;;0;0;0;0;12.4792;41.9609;-1;2;Autovettura privata;Sosta;;;;;;;
5251915;20;25/01/2021 20:30:00;Statale entro l'abitato;VIA CASSIA;in corrispondenza;;del civico n.;905;;Scontro frontale/laterale DX fra veicoli in marcia;Rettilineo;Una carreggiata a doppio senso;Bagnato (pioggia);Asfaltata;Verticale ed orizzontale;Nuvoloso;Normale;Sufficiente;;1;0;0;1;12.4344;41.9707;-1;1;Autovettura privata;In marcia / fermata / arresto;Conducente;M;Illeso;0;;;
5251915;20;25/01/2021 20:30:00;Statale entro l'abitato;VIA CASSIA;in corrispondenza;;del civico n.;905;;Scontro frontale/laterale DX fra veicoli in marcia;Rettilineo;Una carreggiata a doppio senso;Bagnato (pioggia);Asfaltata;Verticale ed orizzontale;Nuvoloso;Normale;Sufficiente;;1;0;0;1;12.4344;41.9707;-1;2;Motociclo a solo;In marcia / fermata / arresto;Conducente;M;Rimandato;0;NON DECEDUTO;;
5251924;13;25/01/2021 21:30:00;Strada Urbana;VIA DOMENICO BAFFIGO;in prossimit�;;del civico n.;23;;Scontro frontale/laterale DX fra veicoli in marcia;Rettilineo;Una carreggiata a doppio senso;Bagnato (pioggia);Asfaltata;Assente;Pioggia in atto;Scarso;Buona;;0;0;0;2;12.2614;41.7371;-1;1;Autovettura privata;In marcia / fermata / arresto;Conducente;F;Illeso;0;;;
5251924;13;25/01/2021 21:30:00;Strada Urbana;VIA DOMENICO BAFFIGO;in prossimit�;;del civico n.;23;;Scontro frontale/laterale DX fra veicoli in marcia;Rettilineo;Una carreggiata a doppio senso;Bagnato (pioggia);Asfaltata;Assente;Pioggia in atto;Scarso;Buona;;0;0;0;2;12.2614;41.7371;-1;2;Autovettura privata;In marcia / fermata / arresto;Conducente;F;Illeso;0;;Non accertato;Inesploso
5251937;4;25/01/2021 08:40:00;Strada Urbana;VIA NOMENTANA;all'intersezione semaforizzata con;VIALE SORA LELLA;VIALE SORA LELLA;;;Scontro laterale fra veicoli in marcia;Intersezione semaforizzata;Due carreggiate;Bagnato (pioggia);Asfaltata;Verticale ed orizzontale;Sereno;Normale;Buona;;0;0;0;3;12.5736;41.959;-1;1;Autovettura privata;In marcia / fermata / arresto;Conducente;F;Illeso;0;;;
5251937;4;25/01/2021 08:40:00;Strada Urbana;VIA NOMENTANA;all'intersezione semaforizzata con;VIALE SORA LELLA;VIALE SORA LELLA;;;Scontro laterale fra veicoli in marcia;Intersezione semaforizzata;Due carreggiate;Bagnato (pioggia);Asfaltata;Verticale ed orizzontale;Sereno;Normale;Buona;;0;0;0;3;12.5736;41.959;-1;1;Autovettura privata;In marcia / fermata / arresto;Passeggero;M;Illeso;0;;;
5251937;4;25/01/2021 08:40:00;Strada Urbana;VIA NOMENTANA;all'intersezione semaforizzata con;VIALE SORA LELLA;VIALE SORA LELLA;;;Scontro laterale fra veicoli in marcia;Intersezione semaforizzata;Due carreggiate;Bagnato (pioggia);Asfaltata;Verticale ed orizzontale;Sereno;Normale;Buona;;0;0;0;3;12.5736;41.959;-1;2;Autovettura privata;In marcia / fermata / arresto;Conducente;M;Illeso;0;;;
5251941;20;25/01/2021 12:20:00;Strada Urbana;VIA DEI DUE PONTI;da specificare;;;;fronte palo ACEA 74;Veicolo in marcia contro ostacolo accidentale;Rettilineo;Una carreggiata a doppio senso;Bagnato (pioggia);Asfaltata;Verticale ed orizzontale;Nuvoloso;Scarso;Buona;;0;0;0;1;12.4701;41.9656;-1;1;Autocarro inferiore 35 q.;In marcia / fermata / arresto;Conducente;M;Illeso;0;;;
5251951;5;25/01/2021 12:30:00;Strada Urbana;VIA VENAFRO;da specificare;;;;fronte civico 29;Scontro laterale fra veicoli in marcia;Rettilineo;Una carreggiata a senso unico di marcia;Bagnato (pioggia);Asfaltata;Verticale;Nuvoloso;Scarso;Buona;;0;0;0;4;12.5628;41.9094;-1;1;Autovettura privata;In marcia / fermata / arresto;Conducente;F;Illeso;0;;Non accertato;
5251951;5;25/01/2021 12:30:00;Strada Urbana;VIA VENAFRO;da specificare;;;;fronte civico 29;Scontro laterale fra veicoli in marcia;Rettilineo;Una carreggiata a senso unico di marcia;Bagnato (pioggia);Asfaltata;Verticale;Nuvoloso;Scarso;Buona;;0;0;0;4;12.5628;41.9094;-1;2;Autovettura privata;In marcia / fermata / arresto;Conducente;M;Illeso;0;;Non accertato;
5251951;5;25/01/2021 12:30:00;Strada Urbana;VIA VENAFRO;da specificare;;;;fronte civico 29;Scontro laterale fra veicoli in marcia;Rettilineo;Una carreggiata a senso unico di marcia;Bagnato (pioggia);Asfaltata;Verticale;Nuvoloso;Scarso;Buona;;0;0;0;4;12.5628;41.9094;-1;2;Autovettura privata;In marcia / fermata / arresto;Passeggero;F;Illeso;0;;Non accertato;
5251951;5;25/01/2021 12:30:00;Strada Urbana;VIA VENAFRO;da specificare;;;;fronte civico 29;Scontro laterale fra veicoli in marcia;Rettilineo;Una carreggiata a senso unico di marcia;Bagnato (pioggia);Asfaltata;Verticale;Nuvoloso;Scarso;Buona;;0;0;0;4;12.5628;41.9094;-1;2;Autovettura privata;In marcia / fermata / arresto;Passeggero;F;Illeso;0;;Non accertato;
5251951;5;25/01/2021 12:30:00;Strada Urbana;VIA VENAFRO;da specificare;;;;fronte civico 29;Scontro laterale fra veicoli in marcia;Rettilineo;Una carreggiata a senso unico di marcia;Bagnato (pioggia);Asfaltata;Verticale;Nuvoloso;Scarso;Buona;;0;0;0;4;12.5628;41.9094;-1;3;Autovettura privata;Sosta;;;;;;;
5251961;5;25/01/2021 12:05:00;Strada Urbana;VIA DI PIETRALATA;in prossimit�;;del civico n.;205;;Veicolo in marcia contro veicoli in sosta;Rettilineo;Una carreggiata a doppio senso;Bagnato (umidit� in atto);Asfaltata;Assente;Nuvoloso;Normale;Buona;;0;0;0;1;12.5455;41.9257;-1;1;Autocarro inferiore 35 q.;In marcia / fermata / arresto;Conducente;M;Illeso;0;;Non accertato;
5251961;5;25/01/2021 12:05:00;Strada Urbana;VIA DI PIETRALATA;in prossimit�;;del civico n.;205;;Veicolo in marcia contro veicoli in sosta;Rettilineo;Una carreggiata a doppio senso;Bagnato (umidit� in atto);Asfaltata;Assente;Nuvoloso;Normale;Buona;;0;0;0;1;12.5455;41.9257;-1;2;Autovettura privata;Sosta;;;;;;;
5251961;5;25/01/2021 12:05:00;Strada Urbana;VIA DI PIETRALATA;in prossimit�;;del civico n.;205;;Veicolo in marcia contro veicoli in sosta;Rettilineo;Una carreggiata a doppio senso;Bagnato (umidit� in atto);Asfaltata;Assente;Nuvoloso;Normale;Buona;;0;0;0;1;12.5455;41.9257;-1;3;Autovettura privata;Sosta;;;;;;;
5251982;4;25/01/2021 12:10:00;Strada Urbana;VIA ALBERTO LIONELLO;da specificare;;;;entrata pedonale centro commerciale;Veicolo in marcia contro ostacolo accidentale;Rettilineo;Una carreggiata a doppio senso;Asciutto;Asfaltata;Verticale ed orizzontale;Nuvoloso;Normale;Buona;;0;0;0;3;12.5388;41.9752;-1;1;Autovettura privata;In marcia / fermata / arresto;Conducente;F;Illeso;0;;;
5251982;4;25/01/2021 12:10:00;Strada Urbana;VIA ALBERTO LIONELLO;da specificare;;;;entrata pedonale centro commerciale;Veicolo in marcia contro ostacolo accidentale;Rettilineo;Una carreggiata a doppio senso;Asciutto;Asfaltata;Verticale ed orizzontale;Nuvoloso;Normale;Buona;;0;0;0;3;12.5388;41.9752;-1;1;Autovettura privata;In marcia / fermata / arresto;Passeggero;F;Illeso;0;;;
5251982;4;25/01/2021 12:10:00;Strada Urbana;VIA ALBERTO LIONELLO;da specificare;;;;entrata pedonale centro commerciale;Veicolo in marcia contro ostacolo accidentale;Rettilineo;Una carreggiata a doppio senso;Asciutto;Asfaltata;Verticale ed orizzontale;Nuvoloso;Normale;Buona;;0;0;0;3;12.5388;41.9752;-1;2;Autovettura privata;In marcia / fermata / arresto;Conducente;M;Illeso;0;;;
5251996;4;25/01/2021 17:40:00;Strada Urbana;CORSO SEMPIONE;da specificare;;;;fronte civico 5;Investimento di pedone;Rettilineo;Pi� di due carreggiate;Bagnato (pioggia);Asfaltata;Verticale ed orizzontale;Pioggia in atto;Normale;Sufficiente;;1;0;0;1;12.5342;41.9354;-1;;;;Pedone;M;Rimandato;0;NON DECEDUTO;;
5251996;4;25/01/2021 17:40:00;Strada Urbana;CORSO SEMPIONE;da specificare;;;;fronte civico 5;Investimento di pedone;Rettilineo;Pi� di due carreggiate;Bagnato (pioggia);Asfaltata;Verticale ed orizzontale;Pioggia in atto;Normale;Sufficiente;;1;0;0;1;12.5342;41.9354;-1;1;Motociclo a solo;In marcia / fermata / arresto;Conducente;M;Illeso;0;;Non accertato;
5252016;12;25/01/2021 19:15:00;Strada Urbana;VIA DELLE TRE FONTANE;all'intersezione con;PIAZZA SANTO DOMINGO;PIAZZA SANTO DOMINGO;;;Scontro laterale fra veicoli in marcia;Incrocio;Una carreggiata a doppio senso;Bagnato (pioggia);Asfaltata;Verticale;Pioggia in atto;Normale;Buona;;0;0;0;2;12.4734;41.8394;-1;1;Autobus di linea;In marcia / fermata / arresto;Conducente;M;Illeso;0;;Utilizzato;Inesploso
5252016;12;25/01/2021 19:15:00;Strada Urbana;VIA DELLE TRE FONTANE;all'intersezione con;PIAZZA SANTO DOMINGO;PIAZZA SANTO DOMINGO;;;Scontro laterale fra veicoli in marcia;Incrocio;Una carreggiata a doppio senso;Bagnato (pioggia);Asfaltata;Verticale;Pioggia in atto;Normale;Buona;;0;0;0;2;12.4734;41.8394;-1;2;Autovettura privata;In marcia / fermata / arresto;Conducente;M;Illeso;0;;;
5252023;10;26/01/2021 08:20:00;Strada Urbana;VIA TUSCOLANA;in corrispondenza;;del civico n.;583;;Scontro laterale fra veicoli in marcia;Rettilineo;Due carreggiate;Asciutto;Asfaltata;Verticale ed orizzontale;Sereno;Intenso;Buona;;0;0;0;3;12.5481;41.8639;-1;1;Autocarro inferiore 35 q.;In marcia / fermata / arresto;Conducente;M;Illeso;0;;Non accertato;Inesploso
5252023;10;26/01/2021 08:20:00;Strada Urbana;VIA TUSCOLANA;in corrispondenza;;del civico n.;583;;Scontro laterale fra veicoli in marcia;Rettilineo;Due carreggiate;Asciutto;Asfaltata;Verticale ed orizzontale;Sereno;Intenso;Buona;;0;0;0;3;12.5481;41.8639;-1;1;Autocarro inferiore 35 q.;In marcia / fermata / arresto;Passeggero;M;Illeso;0;;Non accertato;Inesploso
5252023;10;26/01/2021 08:20:00;Strada Urbana;VIA TUSCOLANA;in corrispondenza;;del civico n.;583;;Scontro laterale fra veicoli in marcia;Rettilineo;Due carreggiate;Asciutto;Asfaltata;Verticale ed orizzontale;Sereno;Intenso;Buona;;0;0;0;3;12.5481;41.8639;-1;2;Autovettura privata;In marcia / fermata / arresto;Conducente;F;Illeso;0;;Non accertato;Inesploso
5252023;10;26/01/2021 08:20:00;Strada Urbana;VIA TUSCOLANA;in corrispondenza;;del civico n.;583;;Scontro laterale fra veicoli in marcia;Rettilineo;Due carreggiate;Asciutto;Asfaltata;Verticale ed orizzontale;Sereno;Intenso;Buona;;0;0;0;3;12.5481;41.8639;-1;3;Autocarro superiore 35 q.;Allontanatosi;;;;;;;
5252090;4;25/01/2021 15:30:00;Strada Urbana;VIA MONTE PETROSO;all'intersezione con;VIA DELLE ISOLE CURZOLANE;VIA DELLE ISOLE CURZOLANE;;;Scontro frontale/laterale SX fra veicoli in marcia;Intersezione stradale segnalata;Una carreggiata a doppio senso;Bagnato (pioggia);Asfaltata;Verticale ed orizzontale;Nuvoloso;Normale;Buona;;0;0;0;2;12.5295;41.9502;-1;1;Autovettura privata;In marcia / fermata / arresto;Conducente;M;Illeso;0;;;
5252090;4;25/01/2021 15:30:00;Strada Urbana;VIA MONTE PETROSO;all'intersezione con;VIA DELLE ISOLE CURZOLANE;VIA DELLE ISOLE CURZOLANE;;;Scontro frontale/laterale SX fra veicoli in marcia;Intersezione stradale segnalata;Una carreggiata a doppio senso;Bagnato (pioggia);Asfaltata;Verticale ed orizzontale;Nuvoloso;Normale;Buona;;0;0;0;2;12.5295;41.9502;-1;2;Autovettura privata;In marcia / fermata / arresto;Conducente;M;Illeso;0;;;
5252104;7;26/01/2021 09:00:00;Strada Urbana;VIA DI TOR TRE TESTE;all'intersezione con;VIA ROLANDO LANARI;VIA ROLANDO LANARI;;;Veicolo in marcia contro veicolo fermo;Incrocio;Una carreggiata a doppio senso;Asciutto;Asfaltata;Verticale ed orizzontale;Sereno;Normale;Buona;;0;0;0;3;12.5917;41.8811;-1;1;Autovettura privata;In marcia / fermata / arresto;Conducente;M;Illeso;0;;Non accertato;Inesploso
5252104;7;26/01/2021 09:00:00;Strada Urbana;VIA DI TOR TRE TESTE;all'intersezione con;VIA ROLANDO LANARI;VIA ROLANDO LANARI;;;Veicolo in marcia contro veicolo fermo;Incrocio;Una carreggiata a doppio senso;Asciutto;Asfaltata;Verticale ed orizzontale;Sereno;Normale;Buona;;0;0;0;3;12.5917;41.8811;-1;2;Autovettura privata;In marcia / fermata / arresto;Conducente;M;Illeso;0;;Non accertato;Inesploso
5252104;7;26/01/2021 09:00:00;Strada Urbana;VIA DI TOR TRE TESTE;all'intersezione con;VIA ROLANDO LANARI;VIA ROLANDO LANARI;;;Veicolo in marcia contro veicolo fermo;Incrocio;Una carreggiata a doppio senso;Asciutto;Asfaltata;Verticale ed orizzontale;Sereno;Normale;Buona;;0;0;0;3;12.5917;41.8811;-1;2;Autovettura privata;In marcia / fermata / arresto;Passeggero;F;Illeso;0;;Non accertato;Inesploso
5252109;2;25/01/2021 19:20:00;Strada Urbana;VIA DEL FORO ITALICO;da specificare;;;;PROSS. PALO LUCE 304;Tamponamento;Rettilineo;Due carreggiate;Bagnato (pioggia);Asfaltata;Verticale ed orizzontale;Pioggia in atto;Intenso;Sufficiente;;0;0;0;2;12.4828;41.94;-1;1;Autovettura privata;In marcia / fermata / arresto;Conducente;M;Illeso;0;;Non accertato;Inesploso
5252109;2;25/01/2021 19:20:00;Strada Urbana;VIA DEL FORO ITALICO;da specificare;;;;PROSS. PALO LUCE 304;Tamponamento;Rettilineo;Due carreggiate;Bagnato (pioggia);Asfaltata;Verticale ed orizzontale;Pioggia in atto;Intenso;Sufficiente;;0;0;0;2;12.4828;41.94;-1;2;Autovettura privata;In marcia / fermata / arresto;Conducente;M;Illeso;0;;Non accertato;Inesploso
5252119;2;25/01/2021 17:00:00;Strada Urbana;VIA DEL FORO ITALICO;da specificare;;;;dir. San Giovanni pross. uscita via Salaria;Scontro laterale fra veicoli in marcia;Rettilineo;Due carreggiate;Bagnato (pioggia);Asfaltata;Verticale ed orizzontale;Pioggia in atto;Normale;Buona;;0;0;0;3;12.4828;41.94;-1;1;Autovettura privata;In marcia / fermata / arresto;Conducente;M;Illeso;0;;Non accertato;Inesploso
5252119;2;25/01/2021 17:00:00;Strada Urbana;VIA DEL FORO ITALICO;da specificare;;;;dir. San Giovanni pross. uscita via Salaria;Scontro laterale fra veicoli in marcia;Rettilineo;Due carreggiate;Bagnato (pioggia);Asfaltata;Verticale ed orizzontale;Pioggia in atto;Normale;Buona;;0;0;0;3;12.4828;41.94;-1;2;Autocarro inferiore 35 q.;In marcia / fermata / arresto;Conducente;M;Illeso;0;;Non accertato;Inesploso
5252119;2;25/01/2021 17:00:00;Strada Urbana;VIA DEL FORO ITALICO;da specificare;;;;dir. San Giovanni pross. uscita via Salaria;Scontro laterale fra veicoli in marcia;Rettilineo;Due carreggiate;Bagnato (pioggia);Asfaltata;Verticale ed orizzontale;Pioggia in atto;Normale;Buona;;0;0;0;3;12.4828;41.94;-1;2;Autocarro inferiore 35 q.;In marcia / fermata / arresto;Passeggero;M;Illeso;0;;Non accertato;Inesploso
5252126;20;25/01/2021 17:50:00;Strada Urbana;VIALE DI TOR DI QUINTO;all'intersezione con;VIA PIETRO LUPI;VIA PIETRO LUPI;;;Tamponamento;Incrocio;Due carreggiate;Bagnato (pioggia);Asfaltata;Verticale ed orizzontale;Pioggia in atto;Normale;Buona;;1;0;0;1;12.4785;41.9447;0;1;Motociclo a solo;In marcia / fermata / arresto;Conducente;M;Rimandato;0;NON DECEDUTO;;
5252126;20;25/01/2021 17:50:00;Strada Urbana;VIALE DI TOR DI QUINTO;all'intersezione con;VIA PIETRO LUPI;VIA PIETRO LUPI;;;Tamponamento;Incrocio;Due carreggiate;Bagnato (pioggia);Asfaltata;Verticale ed orizzontale;Pioggia in atto;Normale;Buona;;1;0;0;1;12.4785;41.9447;0;2;Autovettura privata;In marcia / fermata / arresto;Conducente;F;Illeso;0;;;
5252149;12;25/01/2021 16:30:00;Provinciale;VIA DEL MARE;da specificare;;;;Km 7,00 circa;Veicolo in marcia contro ostacolo accidentale;Rettilineo;Una carreggiata a doppio senso;Bagnato (pioggia);Asfaltata;Orizzontale;Pioggia in atto;Normale;Buona;;0;0;0;1;12.4595;41.8374;-1;1;Autovettura privata;In marcia / fermata / arresto;Conducente;M;Illeso;0;;;
5252263;15;25/01/2021 17:20:00;Strada Urbana;VIA PORTUENSE;all'intersezione semaforizzata con;VIA DEL TRULLO;VIA DEL TRULLO;;;Scontro frontale/laterale DX fra veicoli in marcia;Intersezione semaforizzata;Una carreggiata a doppio senso;Bagnato (pioggia);Asfaltata;Verticale ed orizzontale;Pioggia in atto;Normale;Sufficiente;;0;0;0;2;12.414;41.8469;-1;1;Autovettura privata;In marcia / fermata / arresto;Conducente;M;Illeso;0;;;
5252263;15;25/01/2021 17:20:00;Strada Urbana;VIA PORTUENSE;all'intersezione semaforizzata con;VIA DEL TRULLO;VIA DEL TRULLO;;;Scontro frontale/laterale DX fra veicoli in marcia;Intersezione semaforizzata;Una carreggiata a doppio senso;Bagnato (pioggia);Asfaltata;Verticale ed orizzontale;Pioggia in atto;Normale;Sufficiente;;0;0;0;2;12.414;41.8469;-1;2;Autovettura privata;In marcia / fermata / arresto;Conducente;M;Illeso;0;;;
5252289;9;26/01/2021 09:15:00;Strada Urbana;LARGO ORAZI E CURIAZI;da specificare;;;;fronte civici 24 e 17;Veicolo in marcia contro veicoli in sosta;Rettilineo;Una carreggiata a senso unico di marcia;Asciutto;Asfaltata;Verticale ed orizzontale;Sereno;Normale;Buona;;0;0;0;1;12.5292;41.8727;-1;1;Autocarro inferiore 35 q.;In marcia / fermata / arresto;Conducente;M;Illeso;0;;;
5252289;9;26/01/2021 09:15:00;Strada Urbana;LARGO ORAZI E CURIAZI;da specificare;;;;fronte civici 24 e 17;Veicolo in marcia contro veicoli in sosta;Rettilineo;Una carreggiata a senso unico di marcia;Asciutto;Asfaltata;Verticale ed orizzontale;Sereno;Normale;Buona;;0;0;0;1;12.5292;41.8727;-1;2;Autovettura privata;Sosta;;;;;;;
5252289;9;26/01/2021 09:15:00;Strada Urbana;LARGO ORAZI E CURIAZI;da specificare;;;;fronte civici 24 e 17;Veicolo in marcia contro veicoli in sosta;Rettilineo;Una carreggiata a senso unico di marcia;Asciutto;Asfaltata;Verticale ed orizzontale;Sereno;Normale;Buona;;0;0;0;1;12.5292;41.8727;-1;3;Autovettura privata;Sosta;;;;;;;
5252330;1;26/01/2021 09:30:00;Strada Urbana;VIALE MARCO POLO;da specificare;;;;fronte civico 121/c di via beccari;Veicolo in marcia contro ostacolo accidentale;Rettilineo;Due carreggiate;Asciutto;Asfaltata;Verticale ed orizzontale;Sereno;Normale;Buona;;0;0;0;1;12.4936;41.8715;0;1;Autovettura privata;In marcia / fermata / arresto;Conducente;M;Illeso;0;;Non accertato;Inesploso
5252339;13;26/01/2021 09:30:00;Strada Urbana;VIA DI MACCHIA SAPONARA;in prossimit�;;del civico n.;98;;Tamponamento Multiplo;Rettilineo;Una carreggiata a doppio senso;Asciutto;Asfaltata;Assente;Sereno;Normale;Buona;;2;0;0;2;12.3559;41.7701;-1;1;Autovettura privata;In marcia / fermata / arresto;Conducente;M;Illeso;0;;Non accertato;Inesploso
5252339;13;26/01/2021 09:30:00;Strada Urbana;VIA DI MACCHIA SAPONARA;in prossimit�;;del civico n.;98;;Tamponamento Multiplo;Rettilineo;Una carreggiata a doppio senso;Asciutto;Asfaltata;Assente;Sereno;Normale;Buona;;2;0;0;2;12.3559;41.7701;-1;2;Autovettura di polizia;In marcia / fermata / arresto;Conducente;M;Rimandato;0;NON DECEDUTO;Non accertato;Inesploso
5252339;13;26/01/2021 09:30:00;Strada Urbana;VIA DI MACCHIA SAPONARA;in prossimit�;;del civico n.;98;;Tamponamento Multiplo;Rettilineo;Una carreggiata a doppio senso;Asciutto;Asfaltata;Assente;Sereno;Normale;Buona;;2;0;0;2;12.3559;41.7701;-1;2;Autovettura di polizia;In marcia / fermata / arresto;Passeggero;M;Rimandato;0;NON DECEDUTO;Non accertato;Inesploso
5252339;13;26/01/2021 09:30:00;Strada Urbana;VIA DI MACCHIA SAPONARA;in prossimit�;;del civico n.;98;;Tamponamento Multiplo;Rettilineo;Una carreggiata a doppio senso;Asciutto;Asfaltata;Assente;Sereno;Normale;Buona;;2;0;0;2;12.3559;41.7701;-1;3;Autovettura privata;In marcia / fermata / arresto;Conducente;M;Illeso;0;;Non accertato;
5252354;4;25/01/2021 14:00:00;Strada Urbana;VIA ITALO SVEVO;in prossimit�;;del civico n.;85;;Scontro laterale fra veicoli in marcia;Rettilineo;Una carreggiata a senso unico di marcia;Bagnato (umidit� in atto);Asfaltata;Assente;Nuvoloso;Normale;Buona;;0;0;0;3;12.5437;41.9483;-1;1;Autovettura privata;In marcia / fermata / arresto;Conducente;F;Illeso;0;;;