Protocollo;Gruppo;DataOraIncidente;Localizzazione1;STRADA1;Localizzazione2;STRADA2;Strada02;Chilometrica;DaSpecificare;NaturaIncidente;particolaritastrade;TipoStrada;FondoStradale;Pavimentazione;Segnaletica;CondizioneAtmosferica;Traffico;Visibilita;Illuminazione;NUM_FERITI;NUM_RISERVATA;NUM_MORTI;NUM_ILLESI;Longitudine;Latitudine;Confermato;Progressivo;TipoVeicolo;StatoVeicolo;TipoPersona;Sesso;Tipolesione;Deceduto;DecedutoDopo;CinturaCascoUtilizzato;Airbag;
5253743;16;26/01/2021 12:30:00;Strada Urbana;VIALE DEI COLLI PORTUENSI;in corrispondenza;;del civico n.;552;;Scontro laterale fra veicoli in marcia;Rettilineo;Due carreggiate;Asciutto;Asfaltata;Verticale ed orizzontale;Sereno;Normale;Buona;;0;0;0;4;12.4432;41.8623;-1;2;Autovettura privata;In marcia / fermata / arresto;Conducente;M;Illeso;0;;Non accertato;Inesploso
5253743;16;26/01/2021 12:30:00;Strada Urbana;VIALE DEI COLLI PORTUENSI;in corrispondenza;;del civico n.;552;;Scontro laterale fra veicoli in marcia;Rettilineo;Due carreggiate;Asciutto;Asfaltata;Verticale ed orizzontale;Sereno;Normale;Buona;;0;0;0;4;12.4432;41.8623;-1;2;Autovettura privata;In marcia / fermata / arresto;Passeggero;F;Illeso;0;;Non accertato;Inesploso
5253754;17;26/01/2021 14:00:00;Strada Urbana;PONTE VITTORIO EMANUELE II;all'intersezione semaforizzata con;VIALE VATICANO;VIALE VATICANO;;;Scontro laterale fra veicoli in marcia;Intersezione semaforizzata;Una carreggiata a senso unico di marcia;Asciutto;Asfaltata;Verticale ed orizzontale;Sereno;Intenso;Sufficiente;;1;0;0;1;12.4645;41.901;-1;1;Autovettura privata;In marcia / fermata / arresto;Conducente;M;Illeso;0;;;
5253754;17;26/01/2021 14:00:00;Strada Urbana;PONTE VITTORIO EMANUELE II;all'intersezione semaforizzata con;VIALE VATICANO;VIALE VATICANO;;;Scontro laterale fra veicoli in marcia;Intersezione semaforizzata;Una carreggiata a senso unico di marcia;Asciutto;Asfaltata;Verticale ed orizzontale;Sereno;Intenso;Sufficiente;;1;0;0;1;12.4645;41.901;-1;2;Motociclo a solo;In marcia / fermata / arresto;Conducente;M;Rimandato;0;NON DECEDUTO;;
5253765;6;27/01/2021 08:00:00;Strada Urbana;VIA ROBERTO MALATESTA;in corrispondenza;;del civico n.;346;;Scontro laterale fra veicoli in marcia;Rettilineo;Due carreggiate;Asciutto;Asfaltata;Verticale ed orizzontale;Sereno;Scarso;Buona;;2;0;0;3;12.5428;41.8871;-1;1;Motociclo con passeggero;In marcia / fermata / arresto;Conducente;M;Rimandato;0;NON DECEDUTO;Non accertato;
5253765;6;27/01/2021 08:00:00;Strada Urbana;VIA ROBERTO MALATESTA;in corrispondenza;;del civico n.;346;;Scontro laterale fra veicoli in marcia;Rettilineo;Due carreggiate;Asciutto;Asfaltata;Verticale ed orizzontale;Sereno;Scarso;Buona;;2;0;0;3;12.5428;41.8871;-1;1;Motociclo con passeggero;In marcia / fermata / arresto;Passeggero;F;Rimandato;0;NON DECEDUTO;Non accertato;
5253765;6;27/01/2021 08:00:00;Strada Urbana;VIA ROBERTO MALATESTA;in corrispondenza;;del civico n.;346;;Scontro laterale fra veicoli in marcia;Rettilineo;Due carreggiate;Asciutto;Asfaltata;Verticale ed orizzontale;Sereno;Scarso;Buona;;2;0;0;3;12.5428;41.8871;-1;2;Autovettura privata;In marcia / fermata / arresto;Conducente;M;Illeso;0;;Non accertato;Inesploso
5253765;6;27/01/2021 08:00:00;Strada Urbana;VIA ROBERTO MALATESTA;in corrispondenza;;del civico n.;346;;Scontro laterale fra veicoli in marcia;Rettilineo;Due carreggiate;Asciutto;Asfaltata;Verticale ed orizzontale;Sereno;Scarso;Buona;;2;0;0;3;12.5428;41.8871;-1;2;Autovettura privata;In marcia / fermata / arresto;Passeggero;F;Illeso;0;;Non accertato;Inesploso
5253765;6;27/01/2021 08:00:00;Strada Urbana;VIA ROBERTO MALATESTA;in corrispondenza;;del civico n.;346;;Scontro laterale fra veicoli in marcia;Rettilineo;Due carreggiate;Asciutto;Asfaltata;Verticale ed orizzontale;Sereno;Scarso;Buona;;2;0;0;3;12.5428;41.8871;-1;2;Autovettura privata;In marcia / fermata / arresto;Passeggero;M;Illeso;0;;Non accertato;Inesploso
5253769;7;26/01/2021 16:30:00;Strada Urbana;VIALE DELLA BELLA VILLA;in corrispondenza;;del civico n.;19;;Scontro laterale fra veicoli in marcia;Rettilineo;Una carreggiata a doppio senso;Asciutto;Asfaltata;Verticale ed orizzontale;Sereno;Normale;Buona;;0;0;0;2;12.5735;41.8741;-1;1;Autovettura privata;In marcia / fermata / arresto;Conducente;F;Illeso;0;;Non accertato;Inesploso
5253769;7;26/01/2021 16:30:00;Strada Urbana;VIALE DELLA BELLA VILLA;in corrispondenza;;del civico n.;19;;Scontro laterale fra veicoli in marcia;Rettilineo;Una carreggiata a doppio senso;Asciutto;Asfaltata;Verticale ed orizzontale;Sereno;Normale;Buona;;0;0;0;2;12.5735;41.8741;-1;2;Autovettura privata;In marcia / fermata / arresto;Conducente;M;Illeso;0;;Non accertato;Inesploso
5253777;16;26/01/2021 15:25:00;;VIA LUIGI ARATI;in prossimit�;;del civico n.;3;;Veicolo in marcia contro veicolo in sosta;;;;;;;;;;0;0;0;1;12.4429;41.8722;0;1;Autocarro inferiore 35 q.;In marcia / fermata / arresto;Conducente;M;Illeso;0;;;
5253777;16;26/01/2021 15:25:00;;VIA LUIGI ARATI;in prossimit�;;del civico n.;3;;Veicolo in marcia contro veicolo in sosta;;;;;;;;;;0;0;0;1;12.4429;41.8722;0;2;Autovettura privata;Sosta;;;;;;;
5253782;7;26/01/2021 16:00:00;Strada Urbana;VIA GIORGIO PERLASCA;in corrispondenza;;del civico n.;61;;Veicolo in marcia contro veicolo in sosta;Rettilineo;Una carreggiata a doppio senso;Asciutto;Asfaltata;Verticale ed orizzontale;Sereno;Normale;Buona;;0;0;0;1;12.5721;41.9006;-1;1;Autovettura privata;In marcia / fermata / arresto;Conducente;M;Illeso;0;;Non accertato;Inesploso
5253782;7;26/01/2021 16:00:00;Strada Urbana;VIA GIORGIO PERLASCA;in corrispondenza;;del civico n.;61;;Veicolo in marcia contro veicolo in sosta;Rettilineo;Una carreggiata a doppio senso;Asciutto;Asfaltata;Verticale ed orizzontale;Sereno;Normale;Buona;;0;0;0;1;12.5721;41.9006;-1;2;Autovettura privata;Sosta;;;;;;;
5253795;7;26/01/2021 17:30:00;Strada Urbana;VIA PRENESTINA;in corrispondenza;;del civico n.;657B;;Veicolo in marcia contro veicolo in sosta;Rettilineo;Una carreggiata a doppio senso;Asciutto;Asfaltata;Verticale ed orizzontale;Sereno;Normale;Buona;;0;0;0;1;12.5859;41.8939;-1;1;Autovettura privata;In marcia / fermata / arresto;Conducente;M;Illeso;0;;Non accertato;Inesploso
5253795;7;26/01/2021 17:30:00;Strada Urbana;VIA PRENESTINA;in corrispondenza;;del civico n.;657B;;Veicolo in marcia contro veicolo in sosta;Rettilineo;Una carreggiata a doppio senso;Asciutto;Asfaltata;Verticale ed orizzontale;Sereno;Normale;Buona;;0;0;0;1;12.5859;41.8939;-1;2;Autovettura privata;Sosta;;;;;;;
5253832;10;26/01/2021 22:50:00;Strada Urbana;VIA TUSCOLANA;da specificare;;;;caval direz. Frascati alt distr Q8 Osteria Curato;Tamponamento;Cavalcavia;Pi� di due carreggiate;Bagnato (umidit� in atto);Asfaltata;Verticale ed orizzontale;Sereno;Scarso;Sufficiente;;2;0;0;2;12.5854;41.8419;-1;1;Autocarro inferiore 35 q.;In marcia / fermata / arresto;Conducente;M;Illeso;0;;Non accertato;Inesploso
5253832;10;26/01/2021 22:50:00;Strada Urbana;VIA TUSCOLANA;da specificare;;;;caval direz. Frascati alt distr Q8 Osteria Curato;Tamponamento;Cavalcavia;Pi� di due carreggiate;Bagnato (umidit� in atto);Asfaltata;Verticale ed orizzontale;Sereno;Scarso;Sufficiente;;2;0;0;2;12.5854;41.8419;-1;1;Autocarro inferiore 35 q.;In marcia / fermata / arresto;Passeggero;M;Illeso;0;;Non accertato;Inesploso
5253832;10;26/01/2021 22:50:00;Strada Urbana;VIA TUSCOLANA;da specificare;;;;caval direz. Frascati alt distr Q8 Osteria Curato;Tamponamento;Cavalcavia;Pi� di due carreggiate;Bagnato (umidit� in atto);Asfaltata;Verticale ed orizzontale;Sereno;Scarso;Sufficiente;;2;0;0;2;12.5854;41.8419;-1;2;Autovettura privata;In marcia / fermata / arresto;Conducente;M;Ricoverato;0;NON DECEDUTO;Non accertato;Inesploso
5253832;10;26/01/2021 22:50:00;Strada Urbana;VIA TUSCOLANA;da specificare;;;;caval direz. Frascati alt distr Q8 Osteria Curato;Tamponamento;Cavalcavia;Pi� di due carreggiate;Bagnato (umidit� in atto);Asfaltata;Verticale ed orizzontale;Sereno;Scarso;Sufficiente;;2;0;0;2;12.5854;41.8419;-1;2;Autovettura privata;In marcia / fermata / arresto;Passeggero;F;Ricoverato;0;NON DECEDUTO;Non accertato;Esploso
5253852;5;26/01/2021 08:55:00;Strada Urbana;VIA VIRGILIO MELANDRI;in prossimit�;;del civico n.;184;;Veicolo in marcia contro veicoli in sosta;Rettilineo;Una carreggiata a doppio senso;Asciutto;Asfaltata;Verticale;Sereno;Normale;Buona;;0;0;0;2;12.5719;41.9134;-1;1;Autovettura privata;In marcia / fermata / arresto;Conducente;F;Illeso;0;;Non accertato;
5253852;5;26/01/2021 08:55:00;Strada Urbana;VIA VIRGILIO MELANDRI;in prossimit�;;del civico n.;184;;Veicolo in marcia contro veicoli in sosta;Rettilineo;Una carreggiata a doppio senso;Asciutto;Asfaltata;Verticale;Sereno;Normale;Buona;;0;0;0;2;12.5719;41.9134;-1;2;Autovettura privata;In marcia / fermata / arresto;Conducente;M;Illeso;0;;Non accertato;
5253852;5;26/01/2021 08:55:00;Strada Urbana;VIA VIRGILIO MELANDRI;in prossimit�;;del civico n.;184;;Veicolo in marcia contro veicoli in sosta;Rettilineo;Una carreggiata a doppio senso;Asciutto;Asfaltata;Verticale;Sereno;Normale;Buona;;0;0;0;2;12.5719;41.9134;-1;3;Autovettura privata;Sosta;;;;;;;
5253852;5;26/01/2021 08:55:00;Strada Urbana;VIA VIRGILIO MELANDRI;in prossimit�;;del civico n.;184;;Veicolo in marcia contro veicoli in sosta;Rettilineo;Una carreggiata a doppio senso;Asciutto;Asfaltata;Verticale;Sereno;Normale;Buona;;0;0;0;2;12.5719;41.9134;-1;4;Autovettura privata;Sosta;;;;;;;
5253870;2;26/01/2021 19:00:00;Strada Urbana;CIRCONVALLAZIONE SALARIA;da specificare;;;;dir. Foro Italico 100 mt prima svin. Salaria centr;Tamponamento;Curva a visuale libera;Due carreggiate;Asciutto;Asfaltata;Verticale ed orizzontale;Sereno;Normale;Sufficiente;;0;0;0;2;12.5207;41.9347;-1;1;Autovettura privata;In marcia / fermata / arresto;Conducente;M;Illeso;0;;Non accertato;Inesploso
5253870;2;26/01/2021 19:00:00;Strada Urbana;CIRCONVALLAZIONE SALARIA;da specificare;;;;dir. Foro Italico 100 mt prima svin. Salaria centr;Tamponamento;Curva a visuale libera;Due carreggiate;Asciutto;Asfaltata;Verticale ed orizzontale;Sereno;Normale;Sufficiente;;0;0;0;2;12.5207;41.9347;-1;2;Autovettura privata;In marcia / fermata / arresto;Conducente;M;Illeso;0;;Non accertato;Inesploso
5253893;5;26/01/2021 11:40:00;Strada Urbana;VIA DI PORTONACCIO;in prossimit�;;del civico n.;21;;Investimento di pedone;Rettilineo;Una carreggiata a doppio senso;Asciutto;Asfaltata;Verticale ed orizzontale;Sereno;Normale;Buona;;1;0;0;1;12.5355;41.9061;-1;;;;Pedone;F;Rimandato;0;NON DECEDUTO;;
5253893;5;26/01/2021 11:40:00;Strada Urbana;VIA DI PORTONACCIO;in prossimit�;;del civico n.;21;;Investimento di pedone;Rettilineo;Una carreggiata a doppio senso;Asciutto;Asfaltata;Verticale ed orizzontale;Sereno;Normale;Buona;;1;0;0;1;12.5355;41.9061;-1;1;Autovettura privata;In marcia / fermata / arresto;Conducente;M;Illeso;0;;Non accertato;
5253896;17;26/01/2021 14:55:00;Strada Urbana;PONTE DEL RISORGIMENTO;da specificare;;;;ALTEZZA PIAZZALE DELLE BELLE ARTI;Scontro laterale fra veicoli in marcia;Curva a visuale libera;Una carreggiata a senso unico di marcia;Asciutto;Asfaltata;Verticale ed orizzontale;Sereno;Normale;Buona;;0;0;0;3;12.4715;41.9188;-1;1;Autovettura privata;In marcia / fermata / arresto;Conducente;M;Illeso;0;;;
5253896;17;26/01/2021 14:55:00;Strada Urbana;PONTE DEL RISORGIMENTO;da specificare;;;;ALTEZZA PIAZZALE DELLE BELLE ARTI;Scontro laterale fra veicoli in marcia;Curva a visuale libera;Una carreggiata a senso unico di marcia;Asciutto;Asfaltata;Verticale ed orizzontale;Sereno;Normale;Buona;;0;0;0;3;12.4715;41.9188;-1;2;Autovettura privata;In marcia / fermata / arresto;Conducente;F;Illeso;0;;;
5253896;17;26/01/2021 14:55:00;Strada Urbana;PONTE DEL RISORGIMENTO;da specificare;;;;ALTEZZA PIAZZALE DELLE BELLE ARTI;Scontro laterale fra veicoli in marcia;Curva a visuale libera;Una carreggiata a senso unico di marcia;Asciutto;Asfaltata;Verticale ed orizzontale;Sereno;Normale;Buona;;0;0;0;3;12.4715;41.9188;-1;2;Autovettura privata;In marcia / fermata / arresto;Passeggero;M;Illeso;0;;;
5253909;17;26/01/2021 16:50:00;Strada Urbana;VIA MONTE ZEBIO;all'intersezione con;VIA ANTONIO CANTORE;VIA ANTONIO CANTORE;;;Scontro laterale fra veicoli in marcia;Incrocio;Una carreggiata a doppio senso;Asciutto;Asfaltata;Verticale ed orizzontale;Sereno;Normale;Insufficiente;;0;0;0;3;12.465;41.9181;-1;1;Autovettura privata;In marcia / fermata / arresto;Conducente;M;Illeso;0;;;
5253909;17;26/01/2021 16:50:00;Strada Urbana;VIA MONTE ZEBIO;all'intersezione con;VIA ANTONIO CANTORE;VIA ANTONIO CANTORE;;;Scontro laterale fra veicoli in marcia;Incrocio;Una carreggiata a doppio senso;Asciutto;Asfaltata;Verticale ed orizzontale;Sereno;Normale;Insufficiente;;0;0;0;3;12.465;41.9181;-1;1;Autovettura privata;In marcia / fermata / arresto;Passeggero;F;Illeso;0;;;
5253909;17;26/01/2021 16:50:00;Strada Urbana;VIA MONTE ZEBIO;all'intersezione con;VIA ANTONIO CANTORE;VIA ANTONIO CANTORE;;;Scontro laterale fra veicoli in marcia;Incrocio;Una carreggiata a doppio senso;Asciutto;Asfaltata;Verticale ed orizzontale;Sereno;Normale;Insufficiente;;0;0;0;3;12.465;41.9181;-1;2;Autovettura privata;In marcia / fermata / arresto;Conducente;M;Illeso;0;;;
5253915;2;26/01/2021 12:30:00;Strada Urbana;VIALE PARIOLI;in prossimit�;;del civico n.;6;;Scontro laterale fra veicoli in marcia;Rettilineo;Una carreggiata a doppio senso;Asciutto;Asfaltata;Verticale ed orizzontale;Sereno;Normale;Buona;;0;0;0;2;12.4917;41.9232;-1;1;Autovettura privata;In marcia / fermata / arresto;Conducente;M;Illeso;0;;Non accertato;Inesploso
5253915;2;26/01/2021 12:30:00;Strada Urbana;VIALE PARIOLI;in prossimit�;;del civico n.;6;;Scontro laterale fra veicoli in marcia;Rettilineo;Una carreggiata a doppio senso;Asciutto;Asfaltata;Verticale ed orizzontale;Sereno;Normale;Buona;;0;0;0;2;12.4917;41.9232;-1;2;Autovettura privata;In marcia / fermata / arresto;Conducente;M;Illeso;0;;Non accertato;Inesploso
5253919;5;26/01/2021 20:45:00;Strada Urbana;VIA FERONIA;in prossimit�;;del civico n.;111;;Veicolo in marcia contro ostacolo accidentale;Rettilineo;Una carreggiata a senso unico di marcia;Asciutto;Asfaltata;Assente;Sereno;Scarso;Sufficiente;;1;0;0;1;12.5485;41.9177;-1;1;Motociclo con passeggero;In marcia / fermata / arresto;Conducente;M;Illeso;0;;Non accertato;
5253919;5;26/01/2021 20:45:00;Strada Urbana;VIA FERONIA;in prossimit�;;del civico n.;111;;Veicolo in marcia contro ostacolo accidentale;Rettilineo;Una carreggiata a senso unico di marcia;Asciutto;Asfaltata;Assente;Sereno;Scarso;Sufficiente;;1;0;0;1;12.5485;41.9177;-1;1;Motociclo con passeggero;In marcia / fermata / arresto;Passeggero;M;Rimandato;0;NON DECEDUTO;Non accertato;
5253936;10;26/01/2021 20:40:00;Strada Urbana;VIA FRANCESCO PELLEGRINI;da specificare;;;;fronte civ. 7;Veicolo in marcia contro veicolo in sosta;Rettilineo;Una carreggiata a senso unico di marcia;Asciutto;Asfaltata;Assente;Sereno;Scarso;Buona;;1;0;0;0;12.5756;41.8603;-1;1;Autovettura privata;In marcia / fermata / arresto;Conducente;M;Rimandato;0;NON DECEDUTO;Non accertato;Inesploso
5253936;10;26/01/2021 20:40:00;Strada Urbana;VIA FRANCESCO PELLEGRINI;da specificare;;;;fronte civ. 7;Veicolo in marcia contro veicolo in sosta;Rettilineo;Una carreggiata a senso unico di marcia;Asciutto;Asfaltata;Assente;Sereno;Scarso;Buona;;1;0;0;0;12.5756;41.8603;-1;2;Autovettura privata;Sosta;;;;;;;
5253936;10;26/01/2021 20:40:00;Strada Urbana;VIA FRANCESCO PELLEGRINI;da specificare;;;;fronte civ. 7;Veicolo in marcia contro veicolo in sosta;Rettilineo;Una carreggiata a senso unico di marcia;Asciutto;Asfaltata;Assente;Sereno;Scarso;Buona;;1;0;0;0;12.5756;41.8603;-1;3;Autovettura privata;Sosta;;;;;;;
5253936;10;26/01/2021 20:40:00;Strada Urbana;VIA FRANCESCO PELLEGRINI;da specificare;;;;fronte civ. 7;Veicolo in marcia contro veicolo in sosta;Rettilineo;Una carreggiata a senso unico di marcia;Asciutto;Asfaltata;Assente;Sereno;Scarso;Buona;;1;0;0;0;12.5756;41.8603;-1;4;Autovettura privata;Sosta;;;;;;;
5253939;5;26/01/2021 18:10:00;Strada Urbana;VIA DI S. ALESSANDRO;da specificare;;;;prossimit� oalo acea 57;Veicolo in marcia contro ostacolo accidentale;Rettilineo;Una carreggiata a doppio senso;Asciutto;Asfaltata;Verticale ed orizzontale;Sereno;Normale;Buona;;0;0;0;1;12.5981;41.9492;-1;1;Autovettura privata;In marcia / fermata / arresto;Conducente;F;Illeso;0;;;
5253950;18;27/01/2021 09:30:00;Strada Urbana;VIA DI VALLELUNGA;in prossimit�;;del civico n.;133;;Scontro laterale fra veicoli in marcia;Rettilineo;Una carreggiata a senso unico di marcia;Asciutto;Asfaltata;Verticale ed orizzontale;Sereno;Normale;Buona;;0;0;0;3;12.3911;41.9074;-1;1;Autovettura privata;In marcia / fermata / arresto;Conducente;M;Illeso;0;;;
5253950;18;27/01/2021 09:30:00;Strada Urbana;VIA DI VALLELUNGA;in prossimit�;;del civico n.;133;;Scontro laterale fra veicoli in marcia;Rettilineo;Una carreggiata a senso unico di marcia;Asciutto;Asfaltata;Verticale ed orizzontale;Sereno;Normale;Buona;;0;0;0;3;12.3911;41.9074;-1;2;Motociclo a solo;In marcia / fermata / arresto;Conducente;M;Illeso;0;;Non accertato;
5253950;18;27/01/2021 09:30:00;Strada Urbana;VIA DI VALLELUNGA;in prossimit�;;del civico n.;133;;Scontro laterale fra veicoli in marcia;Rettilineo;Una carreggiata a senso unico di marcia;Asciutto;Asfaltata;Verticale ed orizzontale;Sereno;Normale;Buona;;0;0;0;3;12.3911;41.9074;-1;2;Motociclo a solo;In marcia / fermata / arresto;Passeggero;F;Illeso;0;;Non accertato;
5253954;2;26/01/2021 15:20:00;Strada Urbana;VIA MAGLIANO SABINA;in prossimit�;;del civico n.;25;;Veicolo in marcia contro veicoli in sosta;Rettilineo;Una carreggiata a senso unico di marcia;Asciutto;Asfaltata;Verticale ed orizzontale;Sereno;Normale;Buona;;0;0;0;1;12.5119;41.934;-1;1;Motociclo a solo;Sosta;;;;;;;
5253954;2;26/01/2021 15:20:00;Strada Urbana;VIA MAGLIANO SABINA;in prossimit�;;del civico n.;25;;Veicolo in marcia contro veicoli in sosta;Rettilineo;Una carreggiata a senso unico di marcia;Asciutto;Asfaltata;Verticale ed orizzontale;Sereno;Normale;Buona;;0;0;0;1;12.5119;41.934;-1;2;Autovettura privata;In marcia / fermata / arresto;Conducente;F;Illeso;0;;Non accertato;Inesploso
5253954;2;26/01/2021 15:20:00;Strada Urbana;VIA MAGLIANO SABINA;in prossimit�;;del civico n.;25;;Veicolo in marcia contro veicoli in sosta;Rettilineo;Una carreggiata a senso unico di marcia;Asciutto;Asfaltata;Verticale ed orizzontale;Sereno;Normale;Buona;;0;0;0;1;12.5119;41.934;-1;3;Motociclo a solo;Sosta;;;;;;;
5254059;1;27/01/2021 07:45:00;Strada Urbana;VIA CAVOUR;in corrispondenza;;del civico n.;112/114;;Investimento di pedone;Rettilineo;Una carreggiata a doppio senso;Asciutto;Asfaltata;Verticale ed orizzontale;Nuvoloso;Normale;Buona;;1;0;0;1;12.4959;41.8973;-1;;;;Pedone;M;Rimandato;0;NON DECEDUTO;;
5254059;1;27/01/2021 07:45:00;Strada Urbana;VIA CAVOUR;in corrispondenza;;del civico n.;112/114;;Investimento di pedone;Rettilineo;Una carreggiata a doppio senso;Asciutto;Asfaltata;Verticale ed orizzontale;Nuvoloso;Normale;Buona;;1;0;0;1;12.4959;41.8973;-1;1;Autocarro inferiore 35 q.;In marcia / fermata / arresto;Conducente;M;Illeso;0;;;
5254079;1;26/01/2021 17:25:00;Strada Urbana;LARGO DELLA SANITA' MILITARE;all'intersezione con;VIA CLAUDIA;VIA CLAUDIA;;;Scontro laterale fra veicoli in marcia;Incrocio;Una carreggiata a doppio senso;Asciutto;Asfaltata;Verticale ed orizzontale;Sereno;Normale;Buona;;0;0;0;2;12.4957;41.8861;-1;1;Autovettura privata;In marcia / fermata / arresto;Conducente;M;Illeso;0;;;
5254079;1;26/01/2021 17:25:00;Strada Urbana;LARGO DELLA SANITA' MILITARE;all'intersezione con;VIA CLAUDIA;VIA CLAUDIA;;;Scontro laterale fra veicoli in marcia;Incrocio;Una carreggiata a doppio senso;Asciutto;Asfaltata;Verticale ed orizzontale;Sereno;Normale;Buona;;0;0;0;2;12.4957;41.8861;-1;2;Autobus di linea;In marcia / fermata / arresto;Conducente;M;Illeso;0;;;
5254104;1;26/01/2021 19:30:00;Strada Urbana;PIAZZA DELLE CINQUE SCOLE;in prossimit�;;del civico n.;40/41;;Veicolo in marcia contro ostacolo fisso;Pendenza;Una carreggiata a doppio senso;Asciutto;In cubetti di porfido;Verticale ed orizzontale;Sereno;Scarso;Buona;;1;0;0;0;;;0;1;Motociclo a solo;In marcia / fermata / arresto;Conducente;M;Rimandato;0;NON DECEDUTO;;
5254160;1;26/01/2021 14:51:00;Strada Urbana;VIA PALESTRO;all'intersezione con;VIA VICENZA;VIA VICENZA;;;Infortunio per caduta del veicolo;;Una carreggiata a senso unico di marcia;Asciutto;Asfaltata;Assente;Sereno;Normale;Buona;;0;0;0;2;;;0;1;Motociclo a solo;In marcia / fermata / arresto;Conducente;M;Illeso;0;;Non accertato;
5254160;1;26/01/2021 14:51:00;Strada Urbana;VIA PALESTRO;all'intersezione con;VIA VICENZA;VIA VICENZA;;;Infortunio per caduta del veicolo;;Una carreggiata a senso unico di marcia;Asciutto;Asfaltata;Assente;Sereno;Normale;Buona;;0;0;0;2;;;0;2;Autovettura privata;In marcia / fermata / arresto;Conducente;M;Illeso;0;;;
5254183;1;27/01/2021 08:35:00;Strada Urbana;VIA VITTORIO VENETO;all'intersezione semaforizzata con;VIA LUDOVISI;VIA LUDOVISI;;;Scontro laterale fra veicoli in marcia;Intersezione semaforizzata;Una carreggiata a doppio senso;Asciutto;Asfaltata;Verticale ed orizzontale;Nuvoloso;Normale;Buona;;1;0;0;1;12.4899;41.9074;-1;1;Autovettura privata;In marcia / fermata / arresto;Conducente;M;Illeso;0;;Non accertato;Inesploso
5254183;1;27/01/2021 08:35:00;Strada Urbana;VIA VITTORIO VENETO;all'intersezione semaforizzata con;VIA LUDOVISI;VIA LUDOVISI;;;Scontro laterale fra veicoli in marcia;Intersezione semaforizzata;Una carreggiata a doppio senso;Asciutto;Asfaltata;Verticale ed orizzontale;Nuvoloso;Normale;Buona;;1;0;0;1;12.4899;41.9074;-1;2;Motociclo a solo;In marcia / fermata / arresto;Conducente;M;Rimandato;0;NON DECEDUTO;Non accertato;
5254217;9;27/01/2021 09:15:00;Strada Urbana;VIA TARANTO;all'intersezione con;VIA FOLIGNO;VIA FOLIGNO;;;Scontro frontale/laterale DX fra veicoli in marcia;Intersezione stradale segnalata;Una carreggiata a doppio senso;Asciutto;Asfaltata;Verticale ed orizzontale;Nuvoloso;Normale;Buona;;2;0;0;1;12.5173;41.884;-1;1;Autovettura privata;In marcia / fermata / arresto;Conducente;F;Illeso;0;;Non accertato;Inesploso
5254217;9;27/01/2021 09:15:00;Strada Urbana;VIA TARANTO;all'intersezione con;VIA FOLIGNO;VIA FOLIGNO;;;Scontro frontale/laterale DX fra veicoli in marcia;Intersezione stradale segnalata;Una carreggiata a doppio senso;Asciutto;Asfaltata;Verticale ed orizzontale;Nuvoloso;Normale;Buona;;2;0;0;1;12.5173;41.884;-1;2;Motociclo con passeggero;In marcia / fermata / arresto;Conducente;M;Rimandato;0;NON DECEDUTO;Non accertato;
5254217;9;27/01/2021 09:15:00;Strada Urbana;VIA TARANTO;all'intersezione con;VIA FOLIGNO;VIA FOLIGNO;;;Scontro frontale/laterale DX fra veicoli in marcia;Intersezione stradale segnalata;Una carreggiata a doppio senso;Asciutto;Asfaltata;Verticale ed orizzontale;Nuvoloso;Normale;Buona;;2;0;0;1;12.5173;41.884;-1;2;Motociclo con passeggero;In marcia / fermata / arresto;Passeggero;F;Rimandato;0;NON DECEDUTO;Non accertato;
5254233;18;27/01/2021 12:00:00;Strada Urbana;VIA CORNELIA;all'intersezione semaforizzata con;VIA DI BOCCEA;VIA DI BOCCEA;;;Scontro laterale fra veicoli in marcia;Intersezione semaforizzata;Due carreggiate;Asciutto;Asfaltata;Verticale ed orizzontale;Sereno;Normale;Buona;;0;0;0;3;12.3899;41.9007;-1;1;Autovettura privata;In marcia / fermata / arresto;Conducente;M;Illeso;0;;Non accertato;Inesploso
5254233;18;27/01/2021 12:00:00;Strada Urbana;VIA CORNELIA;all'intersezione semaforizzata con;VIA DI BOCCEA;VIA DI BOCCEA;;;Scontro laterale fra veicoli in marcia;Intersezione semaforizzata;Due carreggiate;Asciutto;Asfaltata;Verticale ed orizzontale;Sereno;Normale;Buona;;0;0;0;3;12.3899;41.9007;-1;1;Autovettura privata;In marcia / fermata / arresto;Passeggero;F;Illeso;0;;Non accertato;Inesploso
5254233;18;27/01/2021 12:00:00;Strada Urbana;VIA CORNELIA;all'intersezione semaforizzata con;VIA DI BOCCEA;VIA DI BOCCEA;;;Scontro laterale fra veicoli in marcia;Intersezione semaforizzata;Due carreggiate;Asciutto;Asfaltata;Verticale ed orizzontale;Sereno;Normale;Buona;;0;0;0;3;12.3899;41.9007;-1;2;Motociclo a solo;In marcia / fermata / arresto;Conducente;M;Illeso;0;;Non accertato;
5254295;1;27/01/2021 09:00:00;Strada Urbana;VIA MERULANA;in corrispondenza;;del civico n.;244;;Investimento di pedone;Rettilineo;Una carreggiata a doppio senso;Asciutto;Asfaltata;Verticale ed orizzontale;Nuvoloso;;Buona;;1;0;0;1;12.501;41.8936;-1;;;;Pedone;M;Rimandato;0;NON DECEDUTO;;