Protocollo;Gruppo;DataOraIncidente;Localizzazione1;STRADA1;Localizzazione2;STRADA2;Strada02;Chilometrica;DaSpecificare;NaturaIncidente;particolaritastrade;TipoStrada;FondoStradale;Pavimentazione;Segnaletica;CondizioneAtmosferica;Traffico;Visibilita;Illuminazione;NUM_FERITI;NUM_RISERVATA;NUM_MORTI;NUM_ILLESI;Longitudine;Latitudine;Confermato;Progressivo;TipoVeicolo;StatoVeicolo;TipoPersona;Sesso;Tipolesione;Deceduto;DecedutoDopo;CinturaCascoUtilizzato;Airbag;
5260932;2;30/01/2021 14:57:00;Strada Urbana;VIA ANAPO;all'intersezione con;VIA FOGLIANO;VIA FOGLIANO;;;Scontro laterale fra veicoli in marcia;Intersezione stradale segnalata;Una carreggiata a senso unico di marcia;Asciutto;Asfaltata;Verticale ed orizzontale;Sereno;Normale;Buona;;0;0;0;3;12.5069;41.9262;-1;2;Autovettura privata;In marcia / fermata / arresto;Conducente;F;Illeso;0;;;
5260932;2;30/01/2021 14:57:00;Strada Urbana;VIA ANAPO;all'intersezione con;VIA FOGLIANO;VIA FOGLIANO;;;Scontro laterale fra veicoli in marcia;Intersezione stradale segnalata;Una carreggiata a senso unico di marcia;Asciutto;Asfaltata;Verticale ed orizzontale;Sereno;Normale;Buona;;0;0;0;3;12.5069;41.9262;-1;2;Autovettura privata;In marcia / fermata / arresto;Passeggero;M;Illeso;0;;;
5260943;2;30/01/2021 18:50:00;Strada Urbana;VIA LIMA;in prossimit�;;del civico n.;38;;Infortunio per sola frenata improvvisa;Rettilineo;Una carreggiata a senso unico di marcia;Asciutto;Asfaltata;Verticale ed orizzontale;Sereno;Normale;Buona;;0;0;0;2;12.4972;41.9243;-1;1;Velocipede;In marcia / fermata / arresto;Conducente;M;Illeso;0;;Esente;
5260943;2;30/01/2021 18:50:00;Strada Urbana;VIA LIMA;in prossimit�;;del civico n.;38;;Infortunio per sola frenata improvvisa;Rettilineo;Una carreggiata a senso unico di marcia;Asciutto;Asfaltata;Verticale ed orizzontale;Sereno;Normale;Buona;;0;0;0;2;12.4972;41.9243;-1;2;Autovettura privata;In marcia / fermata / arresto;Conducente;F;Illeso;0;;Non accertato;Inesploso
5260948;7;30/01/2021 18:00:00;Strada Urbana;VIA COLLATINA;all'intersezione con;VIA GUGLIELMO SANSONI;VIA GUGLIELMO SANSONI;;;Veicolo in marcia contro ostacolo fisso;Incrocio;Una carreggiata a doppio senso;Asciutto;Asfaltata;Verticale ed orizzontale;Sereno;Normale;Buona;;0;0;0;0;12.5839;41.9034;-1;1;Autovettura privata;In marcia / fermata / arresto;;;;;;;
5260949;4;30/01/2021 13:30:00;Strada Urbana;PIAZZA OTTAVIANO VIMERCATI;in corrispondenza;;del civico n.;30;;Veicolo in marcia contro veicolo in sosta;Rettilineo;Una carreggiata a senso unico di marcia;Asciutto;Asfaltata;Verticale ed orizzontale;Sereno;Scarso;Buona;;0;0;0;1;12.5237;41.9587;-1;1;Autovettura privata;Sosta;;;;;;;
5260949;4;30/01/2021 13:30:00;Strada Urbana;PIAZZA OTTAVIANO VIMERCATI;in corrispondenza;;del civico n.;30;;Veicolo in marcia contro veicolo in sosta;Rettilineo;Una carreggiata a senso unico di marcia;Asciutto;Asfaltata;Verticale ed orizzontale;Sereno;Scarso;Buona;;0;0;0;1;12.5237;41.9587;-1;2;Autovettura privata;In marcia / fermata / arresto;Conducente;F;Illeso;0;;;
5260952;4;30/01/2021 11:25:00;Strada Urbana;VIA DELLA BUFALOTTA;da specificare;;;;in prossimit� fronte civ. 1570 altezza rotatoria;Investimento di pedone;Rettilineo;Una carreggiata a senso unico di marcia;Asciutto;Asfaltata;Assente;Sereno;Scarso;Buona;;1;0;0;0;12.5499;41.9676;-1;;;;Pedone;M;Rimandato;0;NON DECEDUTO;;
5260952;4;30/01/2021 11:25:00;Strada Urbana;VIA DELLA BUFALOTTA;da specificare;;;;in prossimit� fronte civ. 1570 altezza rotatoria;Investimento di pedone;Rettilineo;Una carreggiata a senso unico di marcia;Asciutto;Asfaltata;Assente;Sereno;Scarso;Buona;;1;0;0;0;12.5499;41.9676;-1;1;Autovettura privata;In marcia / fermata / arresto;;;;;;;
5260977;1;31/01/2021 09:30:00;Strada Urbana;VIA MECENATE;da specificare;;;;pross. via terme di traiano;Tamponamento;Rettilineo;Una carreggiata a senso unico di marcia;Bagnato (pioggia);Asfaltata;Verticale ed orizzontale;Pioggia in atto;Scarso;Buona;;2;0;0;1;12.4994;41.8919;-1;;;;Pedone;M;Rifiuta cure immediate;0;NON DECEDUTO;;
5260977;1;31/01/2021 09:30:00;Strada Urbana;VIA MECENATE;da specificare;;;;pross. via terme di traiano;Tamponamento;Rettilineo;Una carreggiata a senso unico di marcia;Bagnato (pioggia);Asfaltata;Verticale ed orizzontale;Pioggia in atto;Scarso;Buona;;2;0;0;1;12.4994;41.8919;-1;1;Autovettura privata;In marcia / fermata / arresto;Conducente;M;Illeso;0;;Non accertato;Inesploso
5260977;1;31/01/2021 09:30:00;Strada Urbana;VIA MECENATE;da specificare;;;;pross. via terme di traiano;Tamponamento;Rettilineo;Una carreggiata a senso unico di marcia;Bagnato (pioggia);Asfaltata;Verticale ed orizzontale;Pioggia in atto;Scarso;Buona;;2;0;0;1;12.4994;41.8919;-1;2;Velocipede;In marcia / fermata / arresto;Conducente;F;Rimandato;0;NON DECEDUTO;Esente;
5260980;4;30/01/2021 19:45:00;Strada Urbana;VIA DARIO NICCODEMI;all'intersezione con;VIA RICCARDO BACCHELLI;VIA RICCARDO BACCHELLI;;;Veicolo in marcia contro ostacolo fisso;Incrocio;Una carreggiata a doppio senso;Asciutto;Asfaltata;Verticale ed orizzontale;Sereno;Normale;Buona;;0;0;0;1;12.5487;41.955;-1;1;Autovettura privata;In marcia / fermata / arresto;Conducente;F;Illeso;0;;;
5260982;7;30/01/2021 12:10:00;Strada Urbana;VIALE DELLE GARDENIE;in corrispondenza;;del civico n.;131;;Investimento di pedone;Rettilineo;Due carreggiate;Asciutto;Asfaltata;Verticale ed orizzontale;Sereno;Normale;Sufficiente;;1;0;0;1;12.568;41.8859;-1;;;;Pedone;F;Rimandato;0;NON DECEDUTO;;
5260982;7;30/01/2021 12:10:00;Strada Urbana;VIALE DELLE GARDENIE;in corrispondenza;;del civico n.;131;;Investimento di pedone;Rettilineo;Due carreggiate;Asciutto;Asfaltata;Verticale ed orizzontale;Sereno;Normale;Sufficiente;;1;0;0;1;12.568;41.8859;-1;1;Autovettura privata;In marcia / fermata / arresto;Conducente;M;Illeso;0;;Non accertato;Inesploso
5261003;13;30/01/2021 21:20:00;;VIALE GORGIA DI LEONTINI;in prossimit�;;del civico n.;117;;Fuoriuscita dalla sede stradale;;;;;;;;;;0;0;0;1;;;0;1;Autovettura privata;In marcia / fermata / arresto;Conducente;F;Illeso;0;;;
5261020;17;31/01/2021 14:50:00;Strada Urbana;VIA COL DI LANA;in corrispondenza;;del civico n.;8/A;;Veicolo in marcia contro veicolo in sosta;Rettilineo;Una carreggiata a senso unico di marcia;Bagnato (pioggia);Asfaltata;Verticale ed orizzontale;Pioggia in atto;Scarso;Buona;;0;0;0;0;12.4645;41.9173;-1;1;Autovettura privata;Sosta;;;;;;;
5261020;17;31/01/2021 14:50:00;Strada Urbana;VIA COL DI LANA;in corrispondenza;;del civico n.;8/A;;Veicolo in marcia contro veicolo in sosta;Rettilineo;Una carreggiata a senso unico di marcia;Bagnato (pioggia);Asfaltata;Verticale ed orizzontale;Pioggia in atto;Scarso;Buona;;0;0;0;0;12.4645;41.9173;-1;2;Autovettura privata;Allontanatosi;;;;;;;
5261027;1;31/01/2021 15:10:00;Strada Urbana;VIA DANIELE MANIN;in prossimit�;;del civico n.;4;;Veicolo in marcia contro veicolo in sosta;Rettilineo;Una carreggiata a senso unico di marcia;Bagnato (pioggia);In cubetti di porfido;Orizzontale;Nuvoloso;Scarso;Buona;;0;0;0;2;12.5005;41.9;-1;1;Autovettura di polizia;Sosta;Passeggero;M;Illeso;0;;;
5261027;1;31/01/2021 15:10:00;Strada Urbana;VIA DANIELE MANIN;in prossimit�;;del civico n.;4;;Veicolo in marcia contro veicolo in sosta;Rettilineo;Una carreggiata a senso unico di marcia;Bagnato (pioggia);In cubetti di porfido;Orizzontale;Nuvoloso;Scarso;Buona;;0;0;0;2;12.5005;41.9;-1;2;Vettura tranviaria;In marcia / fermata / arresto;Conducente;M;Illeso;0;;Esente;
5261029;13;31/01/2021 19:45:00;Strada Urbana;VIALE PRASSILLA;all'intersezione con;VIA CHILONE;VIA CHILONE;;;Tamponamento;Incrocio;Una carreggiata a senso unico di marcia;Bagnato (pioggia);Asfaltata;Verticale ed orizzontale;Nuvoloso;Scarso;Buona;;1;0;0;3;12.3571;41.7523;-1;1;Autovettura privata;In marcia / fermata / arresto;Conducente;F;Illeso;0;;Non accertato;Inesploso
5261029;13;31/01/2021 19:45:00;Strada Urbana;VIALE PRASSILLA;all'intersezione con;VIA CHILONE;VIA CHILONE;;;Tamponamento;Incrocio;Una carreggiata a senso unico di marcia;Bagnato (pioggia);Asfaltata;Verticale ed orizzontale;Nuvoloso;Scarso;Buona;;1;0;0;3;12.3571;41.7523;-1;1;Autovettura privata;In marcia / fermata / arresto;Passeggero;M;Illeso;0;;Non accertato;Inesploso
5261029;13;31/01/2021 19:45:00;Strada Urbana;VIALE PRASSILLA;all'intersezione con;VIA CHILONE;VIA CHILONE;;;Tamponamento;Incrocio;Una carreggiata a senso unico di marcia;Bagnato (pioggia);Asfaltata;Verticale ed orizzontale;Nuvoloso;Scarso;Buona;;1;0;0;3;12.3571;41.7523;-1;1;Autovettura privata;In marcia / fermata / arresto;Passeggero;F;Illeso;0;;Non accertato;Inesploso
5261029;13;31/01/2021 19:45:00;Strada Urbana;VIALE PRASSILLA;all'intersezione con;VIA CHILONE;VIA CHILONE;;;Tamponamento;Incrocio;Una carreggiata a senso unico di marcia;Bagnato (pioggia);Asfaltata;Verticale ed orizzontale;Nuvoloso;Scarso;Buona;;1;0;0;3;12.3571;41.7523;-1;2;Motociclo a solo;In marcia / fermata / arresto;Conducente;M;Rimandato;0;NON DECEDUTO;Non accertato;
5261030;12;29/01/2021 21:00:00;Strada Urbana;VIA DI TOR PAGNOTTA;da specificare;;;;In prossimit� con Via di Castel Di Leva;Veicolo in marcia contro ostacolo fisso;Rettilineo;Una carreggiata a doppio senso;Bagnato (brina);Asfaltata;Verticale ed orizzontale;Nuvoloso;Scarso;Buona;;0;0;0;1;12.5061;41.8038;-1;1;Autovettura privata;In marcia / fermata / arresto;Conducente;M;Illeso;0;;Non accertato;Inesploso
5261056;5;31/01/2021 13:30:00;Strada Urbana;VIALE PALMIRO TOGLIATTI;in corrispondenza;;del civico n.;1490;;Tamponamento;Rettilineo;Una carreggiata a senso unico di marcia;Asciutto;Asfaltata;Verticale ed orizzontale;Sereno;Normale;Buona;;1;0;0;3;12.5721;41.9114;-1;1;Autovettura privata;In marcia / fermata / arresto;Conducente;M;Rimandato;0;NON DECEDUTO;Non accertato;
5261056;5;31/01/2021 13:30:00;Strada Urbana;VIALE PALMIRO TOGLIATTI;in corrispondenza;;del civico n.;1490;;Tamponamento;Rettilineo;Una carreggiata a senso unico di marcia;Asciutto;Asfaltata;Verticale ed orizzontale;Sereno;Normale;Buona;;1;0;0;3;12.5721;41.9114;-1;1;Autovettura privata;In marcia / fermata / arresto;Passeggero;M;Illeso;0;;Non accertato;Inesploso
5261056;5;31/01/2021 13:30:00;Strada Urbana;VIALE PALMIRO TOGLIATTI;in corrispondenza;;del civico n.;1490;;Tamponamento;Rettilineo;Una carreggiata a senso unico di marcia;Asciutto;Asfaltata;Verticale ed orizzontale;Sereno;Normale;Buona;;1;0;0;3;12.5721;41.9114;-1;2;Autovettura privata;In marcia / fermata / arresto;Conducente;M;Illeso;0;;Non accertato;Inesploso
5261056;5;31/01/2021 13:30:00;Strada Urbana;VIALE PALMIRO TOGLIATTI;in corrispondenza;;del civico n.;1490;;Tamponamento;Rettilineo;Una carreggiata a senso unico di marcia;Asciutto;Asfaltata;Verticale ed orizzontale;Sereno;Normale;Buona;;1;0;0;3;12.5721;41.9114;-1;2;Autovettura privata;In marcia / fermata / arresto;Passeggero;M;Illeso;0;;Non accertato;Inesploso
5261069;5;31/01/2021 15:30:00;Strada Urbana;VIA FIUMINATA;all'intersezione con;VIA FABRIANO;VIA FABRIANO;;;Scontro frontale/laterale DX fra veicoli in marcia;Intersezione stradale segnalata;Una carreggiata a doppio senso;Bagnato (umidit� in atto);Asfaltata;Verticale ed orizzontale;Nuvoloso;Normale;Buona;;0;0;0;3;12.5844;41.9408;-1;1;Autovettura privata;In marcia / fermata / arresto;Conducente;M;Illeso;0;;;
5261069;5;31/01/2021 15:30:00;Strada Urbana;VIA FIUMINATA;all'intersezione con;VIA FABRIANO;VIA FABRIANO;;;Scontro frontale/laterale DX fra veicoli in marcia;Intersezione stradale segnalata;Una carreggiata a doppio senso;Bagnato (umidit� in atto);Asfaltata;Verticale ed orizzontale;Nuvoloso;Normale;Buona;;0;0;0;3;12.5844;41.9408;-1;2;Autovettura privata;In marcia / fermata / arresto;Conducente;M;Illeso;0;;;
5261069;5;31/01/2021 15:30:00;Strada Urbana;VIA FIUMINATA;all'intersezione con;VIA FABRIANO;VIA FABRIANO;;;Scontro frontale/laterale DX fra veicoli in marcia;Intersezione stradale segnalata;Una carreggiata a doppio senso;Bagnato (umidit� in atto);Asfaltata;Verticale ed orizzontale;Nuvoloso;Normale;Buona;;0;0;0;3;12.5844;41.9408;-1;3;Autovettura privata;In marcia / fermata / arresto;Conducente;M;Illeso;0;;;
5261076;5;29/01/2021 13:10:00;Strada Urbana;VIA TIBURTINA;all'intersezione con;VIA DIEGO ANGELI;VIA DIEGO ANGELI;;;Scontro frontale/laterale DX fra veicoli in marcia;Incrocio;Due carreggiate;Asciutto;Asfaltata;Verticale ed orizzontale;Sereno;Normale;Buona;;2;0;0;1;12.5493;41.9105;-1;1;Autovettura privata;In marcia / fermata / arresto;Conducente;M;Illeso;0;;Non accertato;
5261076;5;29/01/2021 13:10:00;Strada Urbana;VIA TIBURTINA;all'intersezione con;VIA DIEGO ANGELI;VIA DIEGO ANGELI;;;Scontro frontale/laterale DX fra veicoli in marcia;Incrocio;Due carreggiate;Asciutto;Asfaltata;Verticale ed orizzontale;Sereno;Normale;Buona;;2;0;0;1;12.5493;41.9105;-1;2;Ciclomotore;In marcia / fermata / arresto;Conducente;F;Rimandato;0;NON DECEDUTO;;
5261076;5;29/01/2021 13:10:00;Strada Urbana;VIA TIBURTINA;all'intersezione con;VIA DIEGO ANGELI;VIA DIEGO ANGELI;;;Scontro frontale/laterale DX fra veicoli in marcia;Incrocio;Due carreggiate;Asciutto;Asfaltata;Verticale ed orizzontale;Sereno;Normale;Buona;;2;0;0;1;12.5493;41.9105;-1;3;Autovettura privata;In marcia / fermata / arresto;Conducente;M;Rimandato;0;NON DECEDUTO;Non accertato;
5261081;5;31/01/2021 16:50:00;Strada Urbana;VIA TIBURTINA;da specificare;;;;fronte civico 1383;Investimento di pedone;Rettilineo;Una carreggiata a senso unico di marcia;Bagnato (umidit� in atto);Asfaltata;Verticale ed orizzontale;Nuvoloso;Normale;Buona;;1;0;0;2;12.623;41.9381;-1;;;;Pedone;M;Rimandato;0;NON DECEDUTO;;
5261081;5;31/01/2021 16:50:00;Strada Urbana;VIA TIBURTINA;da specificare;;;;fronte civico 1383;Investimento di pedone;Rettilineo;Una carreggiata a senso unico di marcia;Bagnato (umidit� in atto);Asfaltata;Verticale ed orizzontale;Nuvoloso;Normale;Buona;;1;0;0;2;12.623;41.9381;-1;1;Autovettura privata;In marcia / fermata / arresto;Conducente;M;Illeso;0;;Non accertato;
5261081;5;31/01/2021 16:50:00;Strada Urbana;VIA TIBURTINA;da specificare;;;;fronte civico 1383;Investimento di pedone;Rettilineo;Una carreggiata a senso unico di marcia;Bagnato (umidit� in atto);Asfaltata;Verticale ed orizzontale;Nuvoloso;Normale;Buona;;1;0;0;2;12.623;41.9381;-1;1;Autovettura privata;In marcia / fermata / arresto;Passeggero;F;Illeso;0;;Non accertato;
5261083;4;31/01/2021 18:40:00;Strada Urbana;VIA VAL MAIRA;all'intersezione semaforizzata con;VIA CONCA D'ORO;VIA CONCA D'ORO;;;Investimento di pedone;Intersezione semaforizzata;Una carreggiata a doppio senso;Bagnato (umidit� in atto);Asfaltata;Verticale ed orizzontale;Nuvoloso;Normale;Buona;;1;0;0;1;12.5207;41.945;-1;;;;Pedone;M;Rimandato;0;NON DECEDUTO;;
5261083;4;31/01/2021 18:40:00;Strada Urbana;VIA VAL MAIRA;all'intersezione semaforizzata con;VIA CONCA D'ORO;VIA CONCA D'ORO;;;Investimento di pedone;Intersezione semaforizzata;Una carreggiata a doppio senso;Bagnato (umidit� in atto);Asfaltata;Verticale ed orizzontale;Nuvoloso;Normale;Buona;;1;0;0;1;12.5207;41.945;-1;1;Autovettura privata;In marcia / fermata / arresto;Conducente;F;Illeso;0;;Non accertato;Inesploso
5261090;5;31/01/2021 19:30:00;Strada Urbana;VIA PESCOSOLIDO;in prossimit�;;del civico n.;160;;Veicolo in marcia contro ostacolo accidentale;Rettilineo;Una carreggiata a senso unico di marcia;Bagnato (umidit� in atto);Con buche;Verticale ed orizzontale;Nuvoloso;Scarso;Sufficiente;;0;0;0;1;12.5621;41.9183;-1;1;Autovettura privata;In marcia / fermata / arresto;Conducente;F;Illeso;0;;Non accertato;
5261096;5;31/01/2021 21:30:00;Strada Urbana;VIA FABRIANO;all'intersezione con;VIA MAIOLATI;VIA MAIOLATI;;;Veicolo in marcia contro veicolo in sosta;Incrocio;Una carreggiata a doppio senso;Asciutto;Asfaltata;Verticale;Nuvoloso;Scarso;Buona;;0;0;0;1;12.5822;41.9387;-1;1;Autovettura privata;In marcia / fermata / arresto;Conducente;M;Illeso;0;;;
5261096;5;31/01/2021 21:30:00;Strada Urbana;VIA FABRIANO;all'intersezione con;VIA MAIOLATI;VIA MAIOLATI;;;Veicolo in marcia contro veicolo in sosta;Incrocio;Una carreggiata a doppio senso;Asciutto;Asfaltata;Verticale;Nuvoloso;Scarso;Buona;;0;0;0;1;12.5822;41.9387;-1;2;Autovettura privata;Sosta;;;;;;;
5261114;1;30/01/2021 14:50:00;Strada Urbana;VIALE GUIDO BACCELLI;da specificare;;;;essenza arbore pino n. 100;Veicolo in marcia contro ostacolo accidentale;Rettilineo;Due carreggiate;Asciutto;Asfaltata;Verticale ed orizzontale;Sereno;Normale;;;0;0;0;1;;;0;1;Autovettura privata;In marcia / fermata / arresto;Conducente;M;Illeso;0;;;
5261136;5;29/01/2021 19:10:00;Strada Urbana;LARGO ANTONIO BELTRAMELLI;in prossimit�;;del civico n.;38;;Scontro laterale fra veicoli in marcia;Rettilineo;Una carreggiata a doppio senso;Asciutto;Asfaltata;Verticale ed orizzontale;Sereno;Normale;Buona;;0;0;0;2;12.5397;41.9101;-1;1;Autovettura privata;In marcia / fermata / arresto;Conducente;M;Illeso;0;;;
5261136;5;29/01/2021 19:10:00;Strada Urbana;LARGO ANTONIO BELTRAMELLI;in prossimit�;;del civico n.;38;;Scontro laterale fra veicoli in marcia;Rettilineo;Una carreggiata a doppio senso;Asciutto;Asfaltata;Verticale ed orizzontale;Sereno;Normale;Buona;;0;0;0;2;12.5397;41.9101;-1;2;Autovettura privata;In marcia / fermata / arresto;Conducente;M;Illeso;0;;;
5261137;7;30/01/2021 22:10:00;Strada Urbana;VIA CASILINA;in prossimit�;;del palo luce n.;606;;Veicolo in marcia contro veicolo in sosta;Rettilineo;Una carreggiata a doppio senso;Asciutto;Asfaltata;Orizzontale;Nuvoloso;Normale;Sufficiente;;1;0;0;2;12.6458;41.8623;-1;;;;Pedone;M;Rimandato;0;NON DECEDUTO;;
5261137;7;30/01/2021 22:10:00;Strada Urbana;VIA CASILINA;in prossimit�;;del palo luce n.;606;;Veicolo in marcia contro veicolo in sosta;Rettilineo;Una carreggiata a doppio senso;Asciutto;Asfaltata;Orizzontale;Nuvoloso;Normale;Sufficiente;;1;0;0;2;12.6458;41.8623;-1;1;Autovettura privata;In marcia / fermata / arresto;Conducente;M;Illeso;0;;;Esploso
5261137;7;30/01/2021 22:10:00;Strada Urbana;VIA CASILINA;in prossimit�;;del palo luce n.;606;;Veicolo in marcia contro veicolo in sosta;Rettilineo;Una carreggiata a doppio senso;Asciutto;Asfaltata;Orizzontale;Nuvoloso;Normale;Sufficiente;;1;0;0;2;12.6458;41.8623;-1;2;Autocarro inferiore 35 q.;Sosta;Passeggero;M;Illeso;0;;;
5261142;13;30/01/2021 21:55:00;Strada Urbana;VIA GIUSEPPE FIORELLI;all'intersezione con;VIA SISTO SCAGLIA;VIA SISTO SCAGLIA;;;Scontro frontale/laterale SX fra veicoli in marcia;Incrocio;Una carreggiata a doppio senso;Bagnato (pioggia);Asfaltata;Verticale;Nuvoloso;Scarso;Sufficiente;;0;0;0;2;12.3108;41.7711;-1;1;Autovettura privata;In marcia / fermata / arresto;Conducente;M;Illeso;0;;Non accertato;
5261142;13;30/01/2021 21:55:00;Strada Urbana;VIA GIUSEPPE FIORELLI;all'intersezione con;VIA SISTO SCAGLIA;VIA SISTO SCAGLIA;;;Scontro frontale/laterale SX fra veicoli in marcia;Incrocio;Una carreggiata a doppio senso;Bagnato (pioggia);Asfaltata;Verticale;Nuvoloso;Scarso;Sufficiente;;0;0;0;2;12.3108;41.7711;-1;2;Autovettura privata;In marcia / fermata / arresto;Conducente;M;Illeso;0;;Non accertato;
5261147;5;29/01/2021 18:30:00;Strada Urbana;VIALE SACCO E VANZETTI;in corrispondenza;;del civico n.;34;;Veicolo in marcia contro veicolo fermo;Rettilineo;Due carreggiate;Asciutto;Strada pavimentata dissestata;Assente;Sereno;Normale;Buona;;0;0;0;2;12.5665;41.9087;-1;1;Autovettura privata;In marcia / fermata / arresto;Conducente;M;Illeso;0;;Non accertato;
5261147;5;29/01/2021 18:30:00;Strada Urbana;VIALE SACCO E VANZETTI;in corrispondenza;;del civico n.;34;;Veicolo in marcia contro veicolo fermo;Rettilineo;Due carreggiate;Asciutto;Strada pavimentata dissestata;Assente;Sereno;Normale;Buona;;0;0;0;2;12.5665;41.9087;-1;2;Autovettura privata;In marcia / fermata / arresto;Conducente;F;Illeso;0;;Non accertato;
5261170;15;31/01/2021 12:00:00;Strada Urbana;VIA PORTUENSE;in corrispondenza;;del civico n.;323;;Veicolo in marcia contro ostacolo fisso;Rettilineo;Una carreggiata a doppio senso;Bagnato (pioggia);Asfaltata;Assente;Nuvoloso;Normale;Buona;;0;0;0;2;12.4611;41.8658;-1;1;Autovettura privata;In marcia / fermata / arresto;Conducente;M;Illeso;0;;Non accertato;Inesploso
5261170;15;31/01/2021 12:00:00;Strada Urbana;VIA PORTUENSE;in corrispondenza;;del civico n.;323;;Veicolo in marcia contro ostacolo fisso;Rettilineo;Una carreggiata a doppio senso;Bagnato (pioggia);Asfaltata;Assente;Nuvoloso;Normale;Buona;;0;0;0;2;12.4611;41.8658;-1;1;Autovettura privata;In marcia / fermata / arresto;Passeggero;F;Illeso;0;;Non accertato;Inesploso
5261178;5;30/01/2021 10:00:00;Strada Urbana;VIA DELLE CAVE DI PIETRALATA;all'intersezione con;VIA TIBURTINA;VIA TIBURTINA;;;Scontro frontale/laterale SX fra veicoli in marcia;Incrocio;Una carreggiata a senso unico di marcia;Asciutto;Asfaltata;Verticale ed orizzontale;Sereno;Normale;Buona;;1;0;0;1;12.5366;41.9085;-1;1;Autocarro inferiore 35 q.;In marcia / fermata / arresto;Conducente;M;Illeso;0;;Non accertato;
5261178;5;30/01/2021 10:00:00;Strada Urbana;VIA DELLE CAVE DI PIETRALATA;all'intersezione con;VIA TIBURTINA;VIA TIBURTINA;;;Scontro frontale/laterale SX fra veicoli in marcia;Incrocio;Una carreggiata a senso unico di marcia;Asciutto;Asfaltata;Verticale ed orizzontale;Sereno;Normale;Buona;;1;0;0;1;12.5366;41.9085;-1;2;Motociclo a solo;In marcia / fermata / arresto;Conducente;M;Rimandato;0;NON DECEDUTO;Non accertato;
5261187;5;29/01/2021 16:00:00;Strada Urbana;VIA TIBURTINA;in prossimit�;;del civico n.;986;;Scontro laterale fra veicoli in marcia;Rettilineo;Due carreggiate;Asciutto;Asfaltata;Verticale;Sereno;Normale;Buona;;1;0;0;1;12.5751;41.9272;-1;1;Motociclo a solo;In marcia / fermata / arresto;Conducente;M;Rimandato;0;NON DECEDUTO;Non accertato;
5261187;5;29/01/2021 16:00:00;Strada Urbana;VIA TIBURTINA;in prossimit�;;del civico n.;986;;Scontro laterale fra veicoli in marcia;Rettilineo;Due carreggiate;Asciutto;Asfaltata;Verticale;Sereno;Normale;Buona;;1;0;0;1;12.5751;41.9272;-1;2;Autovettura privata;In marcia / fermata / arresto;Conducente;M;Illeso;0;;Non accertato;Inesploso
5261190;5;30/01/2021 10:20:00;Strada Urbana;VIA DEI MONTI TIBURTINI;da specificare;;;;prossimit� Ospedale Pertini;Scontro laterale fra veicoli in marcia;Rettilineo;Due carreggiate;Asciutto;Asfaltata;Verticale;Sereno;Normale;Buona;;0;0;0;4;12.5393;41.9186;-1;1;Autovettura privata;In marcia / fermata / arresto;Conducente;M;Illeso;0;;;
5261190;5;30/01/2021 10:20:00;Strada Urbana;VIA DEI MONTI TIBURTINI;da specificare;;;;prossimit� Ospedale Pertini;Scontro laterale fra veicoli in marcia;Rettilineo;Due carreggiate;Asciutto;Asfaltata;Verticale;Sereno;Normale;Buona;;0;0;0;4;12.5393;41.9186;-1;2;Autovettura privata;In marcia / fermata / arresto;Conducente;M;Illeso;0;;;
5261190;5;30/01/2021 10:20:00;Strada Urbana;VIA DEI MONTI TIBURTINI;da specificare;;;;prossimit� Ospedale Pertini;Scontro laterale fra veicoli in marcia;Rettilineo;Due carreggiate;Asciutto;Asfaltata;Verticale;Sereno;Normale;Buona;;0;0;0;4;12.5393;41.9186;-1;2;Autovettura privata;In marcia / fermata / arresto;Passeggero;F;Illeso;0;;;
5261190;5;30/01/2021 10:20:00;Strada Urbana;VIA DEI MONTI TIBURTINI;da specificare;;;;prossimit� Ospedale Pertini;Scontro laterale fra veicoli in marcia;Rettilineo;Due carreggiate;Asciutto;Asfaltata;Verticale;Sereno;Normale;Buona;;0;0;0;4;12.5393;41.9186;-1;2;Autovettura privata;In marcia / fermata / arresto;Passeggero;M;Illeso;0;;;
5261205;5;30/01/2021 20:37:00;Strada Urbana;VIA DEL CASALE DI S. BASILIO;da specificare;;;;prossimit� VIA MANZELLA;Tamponamento Multiplo;Rettilineo;Una carreggiata a doppio senso;Asciutto;Asfaltata;Verticale ed orizzontale;Nuvoloso;Scarso;Sufficiente;;1;0;0;7;12.5798;41.9377;-1;1;Autovettura privata;In marcia / fermata / arresto;Conducente;M;Illeso;0;;Non accertato;Esploso
5261205;5;30/01/2021 20:37:00;Strada Urbana;VIA DEL CASALE DI S. BASILIO;da specificare;;;;prossimit� VIA MANZELLA;Tamponamento Multiplo;Rettilineo;Una carreggiata a doppio senso;Asciutto;Asfaltata;Verticale ed orizzontale;Nuvoloso;Scarso;Sufficiente;;1;0;0;7;12.5798;41.9377;-1;2;Autovettura privata;In marcia / fermata / arresto;Conducente;M;Rimandato;0;NON DECEDUTO;Non accertato;
5261205;5;30/01/2021 20:37:00;Strada Urbana;VIA DEL CASALE DI S. BASILIO;da specificare;;;;prossimit� VIA MANZELLA;Tamponamento Multiplo;Rettilineo;Una carreggiata a doppio senso;Asciutto;Asfaltata;Verticale ed orizzontale;Nuvoloso;Scarso;Sufficiente;;1;0;0;7;12.5798;41.9377;-1;3;Autovettura privata;In marcia / fermata / arresto;Conducente;M;Illeso;0;;Non accertato;