Protocollo;Gruppo;DataOraIncidente;Localizzazione1;STRADA1;Localizzazione2;STRADA2;Strada02;Chilometrica;DaSpecificare;NaturaIncidente;particolaritastrade;TipoStrada;FondoStradale;Pavimentazione;Segnaletica;CondizioneAtmosferica;Traffico;Visibilita;Illuminazione;NUM_FERITI;NUM_RISERVATA;NUM_MORTI;NUM_ILLESI;Longitudine;Latitudine;Confermato;Progressivo;TipoVeicolo;StatoVeicolo;TipoPersona;Sesso;Tipolesione;Deceduto;DecedutoDopo;CinturaCascoUtilizzato;Airbag;
5261205;5;30/01/2021 20:37:00;Strada Urbana;VIA DEL CASALE DI S. BASILIO;da specificare;;;;prossimit� VIA MANZELLA;Tamponamento Multiplo;Rettilineo;Una carreggiata a doppio senso;Asciutto;Asfaltata;Verticale ed orizzontale;Nuvoloso;Scarso;Sufficiente;;1;0;0;7;12.5798;41.9377;-1;3;Autovettura privata;In marcia / fermata / arresto;Passeggero;F;Illeso;0;;Non accertato;
5261205;5;30/01/2021 20:37:00;Strada Urbana;VIA DEL CASALE DI S. BASILIO;da specificare;;;;prossimit� VIA MANZELLA;Tamponamento Multiplo;Rettilineo;Una carreggiata a doppio senso;Asciutto;Asfaltata;Verticale ed orizzontale;Nuvoloso;Scarso;Sufficiente;;1;0;0;7;12.5798;41.9377;-1;3;Autovettura privata;In marcia / fermata / arresto;Passeggero;F;Illeso;0;;Non accertato;
5261205;5;30/01/2021 20:37:00;Strada Urbana;VIA DEL CASALE DI S. BASILIO;da specificare;;;;prossimit� VIA MANZELLA;Tamponamento Multiplo;Rettilineo;Una carreggiata a doppio senso;Asciutto;Asfaltata;Verticale ed orizzontale;Nuvoloso;Scarso;Sufficiente;;1;0;0;7;12.5798;41.9377;-1;3;Autovettura privata;In marcia / fermata / arresto;Passeggero;F;Illeso;0;;Non accertato;
5261205;5;30/01/2021 20:37:00;Strada Urbana;VIA DEL CASALE DI S. BASILIO;da specificare;;;;prossimit� VIA MANZELLA;Tamponamento Multiplo;Rettilineo;Una carreggiata a doppio senso;Asciutto;Asfaltata;Verticale ed orizzontale;Nuvoloso;Scarso;Sufficiente;;1;0;0;7;12.5798;41.9377;-1;4;Autovettura privata;In marcia / fermata / arresto;Conducente;F;Illeso;0;;Non accertato;
5261205;5;30/01/2021 20:37:00;Strada Urbana;VIA DEL CASALE DI S. BASILIO;da specificare;;;;prossimit� VIA MANZELLA;Tamponamento Multiplo;Rettilineo;Una carreggiata a doppio senso;Asciutto;Asfaltata;Verticale ed orizzontale;Nuvoloso;Scarso;Sufficiente;;1;0;0;7;12.5798;41.9377;-1;4;Autovettura privata;In marcia / fermata / arresto;Passeggero;F;Illeso;0;;Non accertato;
5261225;5;30/01/2021 12:30:00;Strada Urbana;VIA TIBURTINA;in prossimit�;;del civico n.;1101;;Tamponamento;Rettilineo;Due carreggiate;Asciutto;Asfaltata;Orizzontale;Sereno;Normale;Buona;;0;0;0;3;12.5884;41.9329;-1;1;Autovettura privata;In marcia / fermata / arresto;Conducente;F;Illeso;0;;;
5261225;5;30/01/2021 12:30:00;Strada Urbana;VIA TIBURTINA;in prossimit�;;del civico n.;1101;;Tamponamento;Rettilineo;Due carreggiate;Asciutto;Asfaltata;Orizzontale;Sereno;Normale;Buona;;0;0;0;3;12.5884;41.9329;-1;1;Autovettura privata;In marcia / fermata / arresto;Passeggero;M;Illeso;0;;;
5261225;5;30/01/2021 12:30:00;Strada Urbana;VIA TIBURTINA;in prossimit�;;del civico n.;1101;;Tamponamento;Rettilineo;Due carreggiate;Asciutto;Asfaltata;Orizzontale;Sereno;Normale;Buona;;0;0;0;3;12.5884;41.9329;-1;2;Velocipede;In marcia / fermata / arresto;Conducente;M;Illeso;0;;Esente;
5261235;15;30/01/2021 19:25:00;Strada Urbana;VIA PORTUENSE;da specificare;;;;fronte civico 695;Veicolo in marcia contro ostacolo accidentale;Rettilineo;Due carreggiate;Asciutto;Asfaltata;Orizzontale;Sereno;Normale;Buona;;0;0;0;1;12.414;41.8469;-1;1;Motociclo a solo;In marcia / fermata / arresto;Conducente;M;Illeso;0;;Non accertato;
5261242;1;31/01/2021 11:15:00;Strada Urbana;VIA CAVOUR;in corrispondenza;;del civico n.;177/a;;Veicolo in marcia contro veicolo fermo;Rettilineo;Una carreggiata a doppio senso;Bagnato (pioggia);Asfaltata;Verticale ed orizzontale;Sereno;Scarso;Buona;;0;0;0;0;;;0;1;Autovettura privata;Sosta;;;;;;;
5261242;1;31/01/2021 11:15:00;Strada Urbana;VIA CAVOUR;in corrispondenza;;del civico n.;177/a;;Veicolo in marcia contro veicolo fermo;Rettilineo;Una carreggiata a doppio senso;Bagnato (pioggia);Asfaltata;Verticale ed orizzontale;Sereno;Scarso;Buona;;0;0;0;0;;;0;2;Autovettura privata;In marcia / fermata / arresto;;;;;;;
5261257;5;30/01/2021 19:35:00;Strada Urbana;VIA DI MARCO SIMONE;in corrispondenza;;del civico n.;251;;Veicolo in marcia contro ostacolo accidentale;Rettilineo;Una carreggiata a doppio senso;Asciutto;Strada pavimentata dissestata;Assente;Sereno;Normale;Insufficiente;;0;0;0;2;12.63;41.9582;-1;1;Autovettura privata;In marcia / fermata / arresto;Conducente;F;Illeso;0;;Non accertato;Inesploso
5261257;5;30/01/2021 19:35:00;Strada Urbana;VIA DI MARCO SIMONE;in corrispondenza;;del civico n.;251;;Veicolo in marcia contro ostacolo accidentale;Rettilineo;Una carreggiata a doppio senso;Asciutto;Strada pavimentata dissestata;Assente;Sereno;Normale;Insufficiente;;0;0;0;2;12.63;41.9582;-1;1;Autovettura privata;In marcia / fermata / arresto;Passeggero;F;Illeso;0;;Non accertato;
5261289;13;24/01/2021 21:35:00;Strada Urbana;VIA DI PONTE LADRONE;all'intersezione con;VIA EMILIO COSTANZI;VIA EMILIO COSTANZI;;;Veicolo in marcia contro ostacolo fisso;Incrocio;Una carreggiata a doppio senso;Bagnato (pioggia);Con buche;Assente;Nuvoloso;Normale;Sufficiente;;0;0;0;2;12.3783;41.7856;-1;1;Autovettura privata;In marcia / fermata / arresto;Conducente;M;Illeso;0;;Non accertato;Inesploso
5261289;13;24/01/2021 21:35:00;Strada Urbana;VIA DI PONTE LADRONE;all'intersezione con;VIA EMILIO COSTANZI;VIA EMILIO COSTANZI;;;Veicolo in marcia contro ostacolo fisso;Incrocio;Una carreggiata a doppio senso;Bagnato (pioggia);Con buche;Assente;Nuvoloso;Normale;Sufficiente;;0;0;0;2;12.3783;41.7856;-1;1;Autovettura privata;In marcia / fermata / arresto;Passeggero;M;Illeso;0;;Non accertato;Inesploso
5261307;3;29/01/2021 21:10:00;Strada Urbana;PIAZZA BOLOGNA;in prossimit�;;del civico n.;39;;Tamponamento Multiplo;Rettilineo;Una carreggiata a senso unico alternato;Asciutto;Asfaltata;Verticale ed orizzontale;Sereno;Scarso;Buona;;0;0;0;3;12.52;41.9138;-1;1;Autovettura privata;In marcia / fermata / arresto;Conducente;M;Illeso;0;;;
5261307;3;29/01/2021 21:10:00;Strada Urbana;PIAZZA BOLOGNA;in prossimit�;;del civico n.;39;;Tamponamento Multiplo;Rettilineo;Una carreggiata a senso unico alternato;Asciutto;Asfaltata;Verticale ed orizzontale;Sereno;Scarso;Buona;;0;0;0;3;12.52;41.9138;-1;2;Autovettura privata;In marcia / fermata / arresto;Conducente;M;Illeso;0;;;
5261307;3;29/01/2021 21:10:00;Strada Urbana;PIAZZA BOLOGNA;in prossimit�;;del civico n.;39;;Tamponamento Multiplo;Rettilineo;Una carreggiata a senso unico alternato;Asciutto;Asfaltata;Verticale ed orizzontale;Sereno;Scarso;Buona;;0;0;0;3;12.52;41.9138;-1;3;Autovettura privata;In marcia / fermata / arresto;Conducente;M;Illeso;0;;;
5261329;3;30/01/2021;Strada Urbana;VIA GIUSEPPE MANGILI;all'intersezione con;VIA GIUSEPPE DE NOTARIS;VIA GIUSEPPE DE NOTARIS;;;Veicolo in marcia contro veicolo in sosta;Incrocio;Una carreggiata a senso unico di marcia;Asciutto;Asfaltata;Verticale ed orizzontale;Sereno;Scarso;Sufficiente;;0;0;0;1;12.5242;41.9068;0;1;Autovettura privata;In marcia / fermata / arresto;Conducente;F;Illeso;0;;;
5261329;3;30/01/2021;Strada Urbana;VIA GIUSEPPE MANGILI;all'intersezione con;VIA GIUSEPPE DE NOTARIS;VIA GIUSEPPE DE NOTARIS;;;Veicolo in marcia contro veicolo in sosta;Incrocio;Una carreggiata a senso unico di marcia;Asciutto;Asfaltata;Verticale ed orizzontale;Sereno;Scarso;Sufficiente;;0;0;0;1;12.5242;41.9068;0;2;Autovettura privata;Sosta;;;;;;;
5261341;3;31/01/2021 14:15:00;Strada Urbana;CIRCONVALLAZIONE TIBURTINA;da specificare;;;;dir. Foro Italico dopo svincolo Prenestina;Scontro laterale fra veicoli in marcia;Rettilineo;Una carreggiata a senso unico di marcia;Bagnato (pioggia);Asfaltata;Verticale ed orizzontale;Pioggia in atto;Normale;Buona;;0;0;0;2;12.528;41.8994;-1;1;Autovettura privata;In marcia / fermata / arresto;Conducente;M;Illeso;0;;Non accertato;Inesploso
5261341;3;31/01/2021 14:15:00;Strada Urbana;CIRCONVALLAZIONE TIBURTINA;da specificare;;;;dir. Foro Italico dopo svincolo Prenestina;Scontro laterale fra veicoli in marcia;Rettilineo;Una carreggiata a senso unico di marcia;Bagnato (pioggia);Asfaltata;Verticale ed orizzontale;Pioggia in atto;Normale;Buona;;0;0;0;2;12.528;41.8994;-1;2;Autovettura privata;In marcia / fermata / arresto;Conducente;M;Illeso;0;;Non accertato;Inesploso
5261432;5;30/01/2021 21:50:00;Strada Urbana;VIA DELLE CAVE DI PIETRALATA;all'intersezione con;VIA FILIPPO MEDA;VIA FILIPPO MEDA;;;Veicolo in marcia contro ostacolo fisso;Rotatoria;Una carreggiata a senso unico di marcia;Bagnato (umidit� in atto);Asfaltata;Verticale ed orizzontale;Nuvoloso;Scarso;Buona;;0;0;0;2;12.5403;41.9128;-1;1;Autovettura privata;In marcia / fermata / arresto;Conducente;M;Illeso;0;;Non accertato;
5261432;5;30/01/2021 21:50:00;Strada Urbana;VIA DELLE CAVE DI PIETRALATA;all'intersezione con;VIA FILIPPO MEDA;VIA FILIPPO MEDA;;;Veicolo in marcia contro ostacolo fisso;Rotatoria;Una carreggiata a senso unico di marcia;Bagnato (umidit� in atto);Asfaltata;Verticale ed orizzontale;Nuvoloso;Scarso;Buona;;0;0;0;2;12.5403;41.9128;-1;1;Autovettura privata;In marcia / fermata / arresto;Passeggero;M;Illeso;0;;Non accertato;
5261441;17;31/01/2021 11:30:00;Strada Urbana;VIA MARCANTONIO BRAGADIN;all'intersezione con;VIA RUGGERO FIORE;VIA RUGGERO FIORE;;;Scontro frontale/laterale SX fra veicoli in marcia;Intersezione stradale segnalata;Una carreggiata a senso unico di marcia;Bagnato (pioggia);Asfaltata;Verticale ed orizzontale;Nuvoloso;Normale;Buona;;0;0;0;3;12.4465;41.906;-1;1;Autocarro inferiore 35 q.;In marcia / fermata / arresto;Conducente;M;Illeso;0;;;
5261441;17;31/01/2021 11:30:00;Strada Urbana;VIA MARCANTONIO BRAGADIN;all'intersezione con;VIA RUGGERO FIORE;VIA RUGGERO FIORE;;;Scontro frontale/laterale SX fra veicoli in marcia;Intersezione stradale segnalata;Una carreggiata a senso unico di marcia;Bagnato (pioggia);Asfaltata;Verticale ed orizzontale;Nuvoloso;Normale;Buona;;0;0;0;3;12.4465;41.906;-1;1;Autocarro inferiore 35 q.;In marcia / fermata / arresto;Passeggero;M;Illeso;0;;;
5261441;17;31/01/2021 11:30:00;Strada Urbana;VIA MARCANTONIO BRAGADIN;all'intersezione con;VIA RUGGERO FIORE;VIA RUGGERO FIORE;;;Scontro frontale/laterale SX fra veicoli in marcia;Intersezione stradale segnalata;Una carreggiata a senso unico di marcia;Bagnato (pioggia);Asfaltata;Verticale ed orizzontale;Nuvoloso;Normale;Buona;;0;0;0;3;12.4465;41.906;-1;2;Autovettura privata;In marcia / fermata / arresto;Conducente;M;Illeso;0;;;
5261750;16;29/01/2021 18:50:00;Strada Urbana;VIA GIAN MATTEO GIBERTI;in prossimit�;;del civico n.;6;;Veicolo in marcia contro veicolo in sosta;Rettilineo;Una carreggiata a senso unico di marcia;Asciutto;Asfaltata;Verticale ed orizzontale;Sereno;Scarso;Sufficiente;;0;0;0;2;12.4494;41.8691;-1;1;Autocarro inferiore 35 q.;In marcia / fermata / arresto;Conducente;F;Illeso;0;;Non accertato;Inesploso
5261750;16;29/01/2021 18:50:00;Strada Urbana;VIA GIAN MATTEO GIBERTI;in prossimit�;;del civico n.;6;;Veicolo in marcia contro veicolo in sosta;Rettilineo;Una carreggiata a senso unico di marcia;Asciutto;Asfaltata;Verticale ed orizzontale;Sereno;Scarso;Sufficiente;;0;0;0;2;12.4494;41.8691;-1;1;Autocarro inferiore 35 q.;In marcia / fermata / arresto;Passeggero;F;Illeso;0;;Non accertato;Inesploso
5261750;16;29/01/2021 18:50:00;Strada Urbana;VIA GIAN MATTEO GIBERTI;in prossimit�;;del civico n.;6;;Veicolo in marcia contro veicolo in sosta;Rettilineo;Una carreggiata a senso unico di marcia;Asciutto;Asfaltata;Verticale ed orizzontale;Sereno;Scarso;Sufficiente;;0;0;0;2;12.4494;41.8691;-1;2;Autovettura privata;Sosta;;;;;;;
5261766;16;30/01/2021 11:50:00;Strada Urbana;LARGO ALFREDO ORIANI;all'intersezione con;VIA GUIDO GUINIZELLI;VIA GUIDO GUINIZELLI;;;Investimento di pedone;Incrocio;Una carreggiata a senso unico di marcia;Asciutto;Asfaltata;Verticale ed orizzontale;Sereno;Scarso;Buona;;2;0;0;0;12.4603;41.8785;-1;;;;Pedone;M;Rimandato;0;NON DECEDUTO;;
5261766;16;30/01/2021 11:50:00;Strada Urbana;LARGO ALFREDO ORIANI;all'intersezione con;VIA GUIDO GUINIZELLI;VIA GUIDO GUINIZELLI;;;Investimento di pedone;Incrocio;Una carreggiata a senso unico di marcia;Asciutto;Asfaltata;Verticale ed orizzontale;Sereno;Scarso;Buona;;2;0;0;0;12.4603;41.8785;-1;1;Motociclo a solo;In marcia / fermata / arresto;Conducente;M;Ricoverato;0;NON DECEDUTO;Non accertato;
5261778;16;31/01/2021 10:20:00;Strada Urbana;VIALE DEI COLLI PORTUENSI;in prossimit�;;del civico n.;50;;Ribaltamento senza urto contro ostacolo fisso;Rettilineo;Due carreggiate;Bagnato (umidit� in atto);Asfaltata;Verticale ed orizzontale;Sereno;Normale;Buona;;1;0;0;0;12.443;41.8757;-1;1;Autovettura privata;In marcia / fermata / arresto;Conducente;M;Rimandato;0;NON DECEDUTO;Non accertato;
5261788;16;31/01/2021 16:50:00;Strada Urbana;CIRCONVALLAZIONE GIANICOLENSE;all'intersezione con;VIA FRANCESCO MASSI;VIA FRANCESCO MASSI;;;Scontro laterale fra veicoli in marcia;Intersezione semaforizzata;Due carreggiate;Bagnato (pioggia);Asfaltata;Verticale ed orizzontale;Sereno;Normale;Buona;;0;0;0;3;12.4496;41.8725;-1;1;Autovettura privata;In marcia / fermata / arresto;Conducente;M;Illeso;0;;Non accertato;Inesploso
5261788;16;31/01/2021 16:50:00;Strada Urbana;CIRCONVALLAZIONE GIANICOLENSE;all'intersezione con;VIA FRANCESCO MASSI;VIA FRANCESCO MASSI;;;Scontro laterale fra veicoli in marcia;Intersezione semaforizzata;Due carreggiate;Bagnato (pioggia);Asfaltata;Verticale ed orizzontale;Sereno;Normale;Buona;;0;0;0;3;12.4496;41.8725;-1;1;Autovettura privata;In marcia / fermata / arresto;Passeggero;M;Illeso;0;;Non accertato;Inesploso
5261788;16;31/01/2021 16:50:00;Strada Urbana;CIRCONVALLAZIONE GIANICOLENSE;all'intersezione con;VIA FRANCESCO MASSI;VIA FRANCESCO MASSI;;;Scontro laterale fra veicoli in marcia;Intersezione semaforizzata;Due carreggiate;Bagnato (pioggia);Asfaltata;Verticale ed orizzontale;Sereno;Normale;Buona;;0;0;0;3;12.4496;41.8725;-1;2;Autovettura privata;In marcia / fermata / arresto;Conducente;F;Illeso;0;;Non accertato;Inesploso
5261796;16;31/01/2021 18:50:00;Strada Urbana;VIA DEGLI ESTENSI;in corrispondenza;;del civico n.;22;;Veicolo in marcia contro veicolo in sosta;Rettilineo;Una carreggiata a doppio senso;Bagnato (pioggia);Asfaltata;Verticale ed orizzontale;Nuvoloso;Normale;Sufficiente;;0;0;0;1;12.4219;41.8766;-1;1;Autovettura privata;In marcia / fermata / arresto;Conducente;F;Illeso;0;;Non accertato;Inesploso
5261796;16;31/01/2021 18:50:00;Strada Urbana;VIA DEGLI ESTENSI;in corrispondenza;;del civico n.;22;;Veicolo in marcia contro veicolo in sosta;Rettilineo;Una carreggiata a doppio senso;Bagnato (pioggia);Asfaltata;Verticale ed orizzontale;Nuvoloso;Normale;Sufficiente;;0;0;0;1;12.4219;41.8766;-1;2;Autovettura privata;Sosta;;;;;;;
5261986;16;29/01/2021 12:20:00;Strada Urbana;PIAZZA ANTONIO SALVIATI;all'intersezione con;VIA ANTONIO PIGNATELLI;VIA ANTONIO PIGNATELLI;;;Scontro frontale/laterale DX fra veicoli in marcia;Incrocio;Una carreggiata a senso unico di marcia;Asciutto;Asfaltata;Verticale ed orizzontale;Sereno;Scarso;Buona;;0;0;0;2;12.4519;41.8726;-1;1;Autovettura privata;In marcia / fermata / arresto;Conducente;M;Illeso;0;;Non accertato;
5261986;16;29/01/2021 12:20:00;Strada Urbana;PIAZZA ANTONIO SALVIATI;all'intersezione con;VIA ANTONIO PIGNATELLI;VIA ANTONIO PIGNATELLI;;;Scontro frontale/laterale DX fra veicoli in marcia;Incrocio;Una carreggiata a senso unico di marcia;Asciutto;Asfaltata;Verticale ed orizzontale;Sereno;Scarso;Buona;;0;0;0;2;12.4519;41.8726;-1;2;Autovettura privata;In marcia / fermata / arresto;Conducente;M;Illeso;0;;Non accertato;
5262672;19;31/01/2021 07:00:00;Strada Urbana;VIA CARLO LIVI;da specificare;;;;parcheggio porta portese nord;Veicolo in marcia contro ostacolo fisso;Rettilineo;Una carreggiata a senso unico di marcia;Bagnato (pioggia);Asfaltata;Assente;Nuvoloso;Normale;Sufficiente;;0;0;0;1;12.4194;41.9353;-1;1;Autocarro inferiore 35 q.;In marcia / fermata / arresto;Conducente;M;Illeso;0;;Non accertato;Inesploso
5262908;2;16/01/2021 11:00:00;Strada Urbana;PIAZZA FIUME;da specificare;;;;altezza "Rinascente";Veicolo in marcia contro veicolo in sosta;Rettilineo;Una carreggiata a senso unico di marcia;Asciutto;Asfaltata;Verticale ed orizzontale;Sereno;Normale;Buona;;0;0;0;0;12.498;41.9111;-1;1;Autogru;Allontanatosi;;;;;;;
5262908;2;16/01/2021 11:00:00;Strada Urbana;PIAZZA FIUME;da specificare;;;;altezza "Rinascente";Veicolo in marcia contro veicolo in sosta;Rettilineo;Una carreggiata a senso unico di marcia;Asciutto;Asfaltata;Verticale ed orizzontale;Sereno;Normale;Buona;;0;0;0;0;12.498;41.9111;-1;2;Autovettura privata;Sosta;;;;;;;
5263242;1;31/01/2021 21:50:00;Strada Urbana;VIA VARESE;all'intersezione con;VIA MILAZZO;VIA MILAZZO;;;Scontro laterale fra veicoli in marcia;Incrocio;Una carreggiata a senso unico di marcia;Asciutto;Asfaltata;Verticale ed orizzontale;Nuvoloso;Scarso;Sufficiente;;1;0;0;3;12.5049;41.9033;-1;1;Autovettura privata;In marcia / fermata / arresto;Conducente;M;Illeso;0;;;
5263242;1;31/01/2021 21:50:00;Strada Urbana;VIA VARESE;all'intersezione con;VIA MILAZZO;VIA MILAZZO;;;Scontro laterale fra veicoli in marcia;Incrocio;Una carreggiata a senso unico di marcia;Asciutto;Asfaltata;Verticale ed orizzontale;Nuvoloso;Scarso;Sufficiente;;1;0;0;3;12.5049;41.9033;-1;2;Autovettura privata;In marcia / fermata / arresto;Conducente;M;Illeso;0;;;
5263242;1;31/01/2021 21:50:00;Strada Urbana;VIA VARESE;all'intersezione con;VIA MILAZZO;VIA MILAZZO;;;Scontro laterale fra veicoli in marcia;Incrocio;Una carreggiata a senso unico di marcia;Asciutto;Asfaltata;Verticale ed orizzontale;Nuvoloso;Scarso;Sufficiente;;1;0;0;3;12.5049;41.9033;-1;2;Autovettura privata;In marcia / fermata / arresto;Passeggero;M;Rifiuta cure immediate;0;NON DECEDUTO;;
5263242;1;31/01/2021 21:50:00;Strada Urbana;VIA VARESE;all'intersezione con;VIA MILAZZO;VIA MILAZZO;;;Scontro laterale fra veicoli in marcia;Incrocio;Una carreggiata a senso unico di marcia;Asciutto;Asfaltata;Verticale ed orizzontale;Nuvoloso;Scarso;Sufficiente;;1;0;0;3;12.5049;41.9033;-1;2;Autovettura privata;In marcia / fermata / arresto;Passeggero;F;Illeso;0;;;
5263322;1;31/01/2021 20:00:00;Strada Urbana;VIA DI S. GIOVANNI IN LATERANO;in prossimit�;;del civico n.;54;;Scontro laterale fra veicoli in marcia;Rettilineo;Una carreggiata a senso unico di marcia;Asciutto;Asfaltata;Verticale ed orizzontale;Nuvoloso;Normale;Buona;;0;0;0;4;12.4959;41.8897;-1;1;Autovettura privata;In marcia / fermata / arresto;Conducente;M;Illeso;0;;Non accertato;Inesploso
5263322;1;31/01/2021 20:00:00;Strada Urbana;VIA DI S. GIOVANNI IN LATERANO;in prossimit�;;del civico n.;54;;Scontro laterale fra veicoli in marcia;Rettilineo;Una carreggiata a senso unico di marcia;Asciutto;Asfaltata;Verticale ed orizzontale;Nuvoloso;Normale;Buona;;0;0;0;4;12.4959;41.8897;-1;1;Autovettura privata;In marcia / fermata / arresto;Passeggero;F;Illeso;0;;Non accertato;Inesploso
5263322;1;31/01/2021 20:00:00;Strada Urbana;VIA DI S. GIOVANNI IN LATERANO;in prossimit�;;del civico n.;54;;Scontro laterale fra veicoli in marcia;Rettilineo;Una carreggiata a senso unico di marcia;Asciutto;Asfaltata;Verticale ed orizzontale;Nuvoloso;Normale;Buona;;0;0;0;4;12.4959;41.8897;-1;2;Autovettura privata;In marcia / fermata / arresto;Conducente;M;Illeso;0;;Non accertato;Inesploso
5263322;1;31/01/2021 20:00:00;Strada Urbana;VIA DI S. GIOVANNI IN LATERANO;in prossimit�;;del civico n.;54;;Scontro laterale fra veicoli in marcia;Rettilineo;Una carreggiata a senso unico di marcia;Asciutto;Asfaltata;Verticale ed orizzontale;Nuvoloso;Normale;Buona;;0;0;0;4;12.4959;41.8897;-1;2;Autovettura privata;In marcia / fermata / arresto;Passeggero;M;Illeso;0;;Non accertato;Inesploso
5264856;17;11/01/2021 21:45:00;Strada Urbana;VIALE DELLO STADIO OLIMPICO;da specificare;;;;altezza Vivai Mari;Veicolo in marcia contro ostacolo fisso;Curva a visuale libera;Una carreggiata a senso unico di marcia;Asciutto;Asfaltata;Verticale ed orizzontale;Nuvoloso;Normale;Sufficiente;;0;0;0;0;12.4535;41.9306;-1;1;Autovettura privata;Allontanatosi;;;;;;;
5265053;18;03/01/2021 21:50:00;Strada Urbana;CIRCONVALLAZIONE CORNELIA;in prossimit�;;del civico n.;313;;Veicolo in marcia contro ostacolo fisso;Rettilineo;Una carreggiata a senso unico di marcia;Bagnato (pioggia);Asfaltata;Verticale ed orizzontale;Pioggia in atto;Normale;Sufficiente;;0;0;0;1;12.4246;41.9053;-1;1;Autovettura privata;In marcia / fermata / arresto;Conducente;M;Illeso;0;;;
5266771;13;22/01/2021 19:10:00;Strada Urbana;VIA DANILO STIEPOVICH;all'intersezione con;VIA ARISTIDE CARABELLI;VIA ARISTIDE CARABELLI;;;Investimento di pedone;Incrocio;Una carreggiata a doppio senso;Bagnato (pioggia);Asfaltata;Orizzontale;Pioggia in atto;Normale;Sufficiente;;1;0;0;1;12.2697;41.7397;-1;;;;Pedone;F;Rimandato;0;NON DECEDUTO;;
5266771;13;22/01/2021 19:10:00;Strada Urbana;VIA DANILO STIEPOVICH;all'intersezione con;VIA ARISTIDE CARABELLI;VIA ARISTIDE CARABELLI;;;Investimento di pedone;Incrocio;Una carreggiata a doppio senso;Bagnato (pioggia);Asfaltata;Orizzontale;Pioggia in atto;Normale;Sufficiente;;1;0;0;1;12.2697;41.7397;-1;1;Autovettura privata;In marcia / fermata / arresto;Conducente;M;Illeso;0;;Non accertato;
5268618;9;29/01/2021 09:20:00;Strada Urbana;VIA DEI CESSATI SPIRITI;da specificare;;;;fronte civico 10;Veicolo in marcia contro veicolo in sosta;Rettilineo;Una carreggiata a senso unico di marcia;Asciutto;Asfaltata;Assente;Sereno;Normale;Buona;;0;0;0;1;12.5299;41.8662;-1;1;Autocarro superiore 35 q.;In marcia / fermata / arresto;Conducente;M;Illeso;0;;Non accertato;Inesploso
5268618;9;29/01/2021 09:20:00;Strada Urbana;VIA DEI CESSATI SPIRITI;da specificare;;;;fronte civico 10;Veicolo in marcia contro veicolo in sosta;Rettilineo;Una carreggiata a senso unico di marcia;Asciutto;Asfaltata;Assente;Sereno;Normale;Buona;;0;0;0;1;12.5299;41.8662;-1;2;Autovettura privata;Sosta;;;;;;;
5274731;12;29/01/2021 23:15:00;Strada Urbana;VIA DI VALLERANO;in prossimit�;;del civico n.;80;;Veicolo in marcia contro ostacolo fisso;Rettilineo;Una carreggiata a doppio senso;Asciutto;Asfaltata;Verticale ed orizzontale;Sereno;Scarso;Buona;;0;0;0;0;12.4706;41.7846;-1;1;Autovettura privata;In marcia / fermata / arresto;;;;;;;
5318090;20;06/01/2021 08:50:00;Altra strada;VIA VITORCHIANO;da specificare;;;;pista ciclabile altezza via Vitorchiano;Veicolo in marcia contro ostacolo accidentale;Rettilineo;Una carreggiata a doppio senso;Ghiacciato;Fondo naturale;Assente;Sereno;;Buona;;1;0;0;0;12.488;41.9592;-1;1;Velocipede;In marcia / fermata / arresto;Conducente;M;Rimandato;0;NON DECEDUTO;Esente;
5318234;20;06/01/2021 09:46:00;Altra strada;VIA VITORCHIANO;da specificare;;;;pista ciclabile altezza di via Vitorchiano;Veicolo in marcia contro ostacolo accidentale;Rettilineo;Una carreggiata a doppio senso;Ghiacciato;Fondo naturale;Assente;Sereno;Scarso;Buona;;1;0;0;0;12.488;41.9592;-1;1;Velocipede;In marcia / fermata / arresto;Conducente;M;Rimandato;0;NON DECEDUTO;Esente;
5334702;6;23/01/2021 16:20:00;Strada Urbana;CIRCONVALLAZIONE CASILINA;in corrispondenza;;del civico n.;3;;Scontro laterale fra veicoli in marcia;Rettilineo;Una carreggiata a senso unico di marcia;Asciutto;Asfaltata;Verticale ed orizzontale;Sereno;Normale;Buona;;0;0;0;3;12.5281;41.891;-1;1;Autovettura privata;In marcia / fermata / arresto;Conducente;M;Illeso;0;;Non accertato;Inesploso
5334702;6;23/01/2021 16:20:00;Strada Urbana;CIRCONVALLAZIONE CASILINA;in corrispondenza;;del civico n.;3;;Scontro laterale fra veicoli in marcia;Rettilineo;Una carreggiata a senso unico di marcia;Asciutto;Asfaltata;Verticale ed orizzontale;Sereno;Normale;Buona;;0;0;0;3;12.5281;41.891;-1;2;Autovettura privata;In marcia / fermata / arresto;Conducente;M;Illeso;0;;;
5334702;6;23/01/2021 16:20:00;Strada Urbana;CIRCONVALLAZIONE CASILINA;in corrispondenza;;del civico n.;3;;Scontro laterale fra veicoli in marcia;Rettilineo;Una carreggiata a senso unico di marcia;Asciutto;Asfaltata;Verticale ed orizzontale;Sereno;Normale;Buona;;0;0;0;3;12.5281;41.891;-1;2;Autovettura privata;In marcia / fermata / arresto;Passeggero;F;Illeso;0;;Non accertato;Inesploso
5521323;23;23/01/2021 21:30:00;Strada Urbana;VIA CASILINA;all'intersezione con;VIA FIVIZZANO;VIA FIVIZZANO;;;Infortunio per caduta del veicolo;Incrocio;Una carreggiata a doppio senso;Asciutto;Asfaltata;Verticale ed orizzontale;Sereno;Normale;Buona;;1;0;0;0;12.6212;41.8626;-1;1;Motociclo a solo;In marcia / fermata / arresto;Conducente;M;Rimandato;0;NON DECEDUTO;Non accertato;